month,doac_ddd
2010-08-01 00:00:00+00:00,2560.0
2010-08-01 00:00:00+00:00,310.0
2010-08-01 00:00:00+00:00,567.0
2010-08-01 00:00:00+00:00,38.0
2010-08-01 00:00:00+00:00,280.0
2010-08-01 00:00:00+00:00,1189.0
2010-09-01 00:00:00+00:00,134.0
2010-09-01 00:00:00+00:00,879.0
2010-09-01 00:00:00+00:00,158.0
2010-09-01 00:00:00+00:00,3032.0
2010-09-01 00:00:00+00:00,1307.0
2010-09-01 00:00:00+00:00,280.0
2010-10-01 00:00:00+00:00,2833.0
2010-10-01 00:00:00+00:00,1338.0
2010-10-01 00:00:00+00:00,146.0
2010-10-01 00:00:00+00:00,359.0
2010-10-01 00:00:00+00:00,1313.0
2010-10-01 00:00:00+00:00,106.0
2010-11-01 00:00:00+00:00,1812.0
2010-11-01 00:00:00+00:00,1025.0
2010-11-01 00:00:00+00:00,332.0
2010-11-01 00:00:00+00:00,690.0
2010-11-01 00:00:00+00:00,2770.0
2010-11-01 00:00:00+00:00,145.0
2010-12-01 00:00:00+00:00,2272.0
2010-12-01 00:00:00+00:00,360.0
2010-12-01 00:00:00+00:00,1849.0
2010-12-01 00:00:00+00:00,300.0
2010-12-01 00:00:00+00:00,1663.0
2010-12-01 00:00:00+00:00,94.0
2011-01-01 00:00:00+00:00,70.0
2011-01-01 00:00:00+00:00,1308.0
2011-01-01 00:00:00+00:00,436.0
2011-01-01 00:00:00+00:00,1491.0
2011-01-01 00:00:00+00:00,410.0
2011-01-01 00:00:00+00:00,1904.0
2011-02-01 00:00:00+00:00,532.0
2011-02-01 00:00:00+00:00,1922.0
2011-02-01 00:00:00+00:00,114.0
2011-02-01 00:00:00+00:00,2383.0
2011-02-01 00:00:00+00:00,386.0
2011-02-01 00:00:00+00:00,1752.0
2011-03-01 00:00:00+00:00,492.0
2011-03-01 00:00:00+00:00,516.0
2011-03-01 00:00:00+00:00,138.0
2011-03-01 00:00:00+00:00,2569.0
2011-03-01 00:00:00+00:00,2017.0
2011-03-01 00:00:00+00:00,1697.0
2011-04-01 00:00:00+00:00,20.0
2011-04-01 00:00:00+00:00,2694.0
2011-04-01 00:00:00+00:00,396.0
2011-04-01 00:00:00+00:00,2192.0
2011-04-01 00:00:00+00:00,808.0
2011-04-01 00:00:00+00:00,2692.0
2011-05-01 00:00:00+00:00,442.0
2011-05-01 00:00:00+00:00,36.0
2011-05-01 00:00:00+00:00,2850.0
2011-05-01 00:00:00+00:00,2569.0
2011-05-01 00:00:00+00:00,2327.0
2011-05-01 00:00:00+00:00,412.0
2011-06-01 00:00:00+00:00,3235.0
2011-06-01 00:00:00+00:00,2278.0
2011-06-01 00:00:00+00:00,720.0
2011-06-01 00:00:00+00:00,222.0
2011-06-01 00:00:00+00:00,3081.0
2011-06-01 00:00:00+00:00,88.0
2011-07-01 00:00:00+00:00,780.0
2011-07-01 00:00:00+00:00,3995.0
2011-07-01 00:00:00+00:00,3123.0
2011-07-01 00:00:00+00:00,77.0
2011-07-01 00:00:00+00:00,160.0
2011-07-01 00:00:00+00:00,2064.0
2011-08-01 00:00:00+00:00,28.0
2011-08-01 00:00:00+00:00,3774.0
2011-08-01 00:00:00+00:00,288.0
2011-08-01 00:00:00+00:00,134.0
2011-08-01 00:00:00+00:00,3459.0
2011-08-01 00:00:00+00:00,1745.0
2011-08-01 00:00:00+00:00,706.0
2011-09-01 00:00:00+00:00,238.0
2011-09-01 00:00:00+00:00,678.0
2011-09-01 00:00:00+00:00,5532.0
2011-09-01 00:00:00+00:00,1087.0
2011-09-01 00:00:00+00:00,7413.0
2011-09-01 00:00:00+00:00,15.0
2011-09-01 00:00:00+00:00,508.0
2011-09-01 00:00:00+00:00,1667.0
2011-10-01 00:00:00+00:00,30.0
2011-10-01 00:00:00+00:00,8960.0
2011-10-01 00:00:00+00:00,5654.0
2011-10-01 00:00:00+00:00,3872.0
2011-10-01 00:00:00+00:00,1128.0
2011-10-01 00:00:00+00:00,2152.0
2011-10-01 00:00:00+00:00,262.0
2011-10-01 00:00:00+00:00,468.0
2011-11-01 00:00:00+00:00,7157.0
2011-11-01 00:00:00+00:00,769.0
2011-11-01 00:00:00+00:00,2218.0
2011-11-01 00:00:00+00:00,30.0
2011-11-01 00:00:00+00:00,12713.0
2011-11-01 00:00:00+00:00,1148.0
2011-11-01 00:00:00+00:00,60.0
2011-11-01 00:00:00+00:00,6577.0
2011-11-01 00:00:00+00:00,680.0
2011-12-01 00:00:00+00:00,3.0
2011-12-01 00:00:00+00:00,870.0
2011-12-01 00:00:00+00:00,6425.0
2011-12-01 00:00:00+00:00,924.0
2011-12-01 00:00:00+00:00,1945.0
2011-12-01 00:00:00+00:00,2000.0
2011-12-01 00:00:00+00:00,12585.0
2011-12-01 00:00:00+00:00,18739.0
2012-01-01 00:00:00+00:00,6416.0
2012-01-01 00:00:00+00:00,28.0
2012-01-01 00:00:00+00:00,1862.0
2012-01-01 00:00:00+00:00,17196.0
2012-01-01 00:00:00+00:00,1387.0
2012-01-01 00:00:00+00:00,1522.0
2012-01-01 00:00:00+00:00,22577.0
2012-01-01 00:00:00+00:00,871.0
2012-01-01 00:00:00+00:00,106.0
2012-02-01 00:00:00+00:00,1186.0
2012-02-01 00:00:00+00:00,2689.0
2012-02-01 00:00:00+00:00,42.0
2012-02-01 00:00:00+00:00,18458.0
2012-02-01 00:00:00+00:00,120.0
2012-02-01 00:00:00+00:00,27397.0
2012-02-01 00:00:00+00:00,294.0
2012-02-01 00:00:00+00:00,60.0
2012-02-01 00:00:00+00:00,6623.0
2012-02-01 00:00:00+00:00,738.0
2012-02-01 00:00:00+00:00,744.0
2012-02-01 00:00:00+00:00,84.0
2012-03-01 00:00:00+00:00,1185.0
2012-03-01 00:00:00+00:00,486.0
2012-03-01 00:00:00+00:00,1890.0
2012-03-01 00:00:00+00:00,28.0
2012-03-01 00:00:00+00:00,27565.0
2012-03-01 00:00:00+00:00,7596.0
2012-03-01 00:00:00+00:00,3150.0
2012-03-01 00:00:00+00:00,1206.0
2012-03-01 00:00:00+00:00,208.0
2012-03-01 00:00:00+00:00,60.0
2012-03-01 00:00:00+00:00,38667.0
2012-04-01 00:00:00+00:00,33073.0
2012-04-01 00:00:00+00:00,448.0
2012-04-01 00:00:00+00:00,2336.0
2012-04-01 00:00:00+00:00,1336.0
2012-04-01 00:00:00+00:00,8927.0
2012-04-01 00:00:00+00:00,744.0
2012-04-01 00:00:00+00:00,56.0
2012-04-01 00:00:00+00:00,14.0
2012-04-01 00:00:00+00:00,28.0
2012-04-01 00:00:00+00:00,44360.0
2012-04-01 00:00:00+00:00,2733.0
2012-04-01 00:00:00+00:00,1537.0
2012-05-01 00:00:00+00:00,51824.0
2012-05-01 00:00:00+00:00,28.0
2012-05-01 00:00:00+00:00,1946.0
2012-05-01 00:00:00+00:00,28.0
2012-05-01 00:00:00+00:00,3154.0
2012-05-01 00:00:00+00:00,60.0
2012-05-01 00:00:00+00:00,68188.0
2012-05-01 00:00:00+00:00,8624.0
2012-05-01 00:00:00+00:00,4222.0
2012-05-01 00:00:00+00:00,679.0
2012-05-01 00:00:00+00:00,2740.0
2012-05-01 00:00:00+00:00,554.0
2012-06-01 00:00:00+00:00,4245.0
2012-06-01 00:00:00+00:00,2576.0
2012-06-01 00:00:00+00:00,9196.0
2012-06-01 00:00:00+00:00,105.0
2012-06-01 00:00:00+00:00,2454.0
2012-06-01 00:00:00+00:00,64887.0
2012-06-01 00:00:00+00:00,1498.0
2012-06-01 00:00:00+00:00,610.0
2012-06-01 00:00:00+00:00,28.0
2012-06-01 00:00:00+00:00,5693.0
2012-06-01 00:00:00+00:00,28.0
2012-06-01 00:00:00+00:00,120.0
2012-06-01 00:00:00+00:00,84488.0
2012-07-01 00:00:00+00:00,30.0
2012-07-01 00:00:00+00:00,3218.0
2012-07-01 00:00:00+00:00,3262.0
2012-07-01 00:00:00+00:00,56.0
2012-07-01 00:00:00+00:00,3653.0
2012-07-01 00:00:00+00:00,4967.0
2012-07-01 00:00:00+00:00,12828.0
2012-07-01 00:00:00+00:00,80.0
2012-07-01 00:00:00+00:00,9741.0
2012-07-01 00:00:00+00:00,82365.0
2012-07-01 00:00:00+00:00,30.0
2012-07-01 00:00:00+00:00,107841.0
2012-07-01 00:00:00+00:00,886.0
2012-08-01 00:00:00+00:00,139872.0
2012-08-01 00:00:00+00:00,5172.0
2012-08-01 00:00:00+00:00,4338.0
2012-08-01 00:00:00+00:00,964.0
2012-08-01 00:00:00+00:00,8654.0
2012-08-01 00:00:00+00:00,138.0
2012-08-01 00:00:00+00:00,19358.0
2012-08-01 00:00:00+00:00,7386.0
2012-08-01 00:00:00+00:00,30.0
2012-08-01 00:00:00+00:00,200.0
2012-08-01 00:00:00+00:00,58.0
2012-08-01 00:00:00+00:00,112408.0
2012-08-01 00:00:00+00:00,5179.0
2012-08-01 00:00:00+00:00,241.0
2012-09-01 00:00:00+00:00,212.0
2012-09-01 00:00:00+00:00,84.0
2012-09-01 00:00:00+00:00,10856.0
2012-09-01 00:00:00+00:00,151530.0
2012-09-01 00:00:00+00:00,7039.0
2012-09-01 00:00:00+00:00,4698.0
2012-09-01 00:00:00+00:00,116085.0
2012-09-01 00:00:00+00:00,7902.0
2012-09-01 00:00:00+00:00,158.0
2012-09-01 00:00:00+00:00,25457.0
2012-09-01 00:00:00+00:00,1016.0
2012-09-01 00:00:00+00:00,56.0
2012-09-01 00:00:00+00:00,4096.0
2012-10-01 00:00:00+00:00,36407.0
2012-10-01 00:00:00+00:00,814.0
2012-10-01 00:00:00+00:00,5822.0
2012-10-01 00:00:00+00:00,287.0
2012-10-01 00:00:00+00:00,185188.0
2012-10-01 00:00:00+00:00,9799.0
2012-10-01 00:00:00+00:00,145339.0
2012-10-01 00:00:00+00:00,250.0
2012-10-01 00:00:00+00:00,7130.0
2012-10-01 00:00:00+00:00,8204.0
2012-10-01 00:00:00+00:00,12060.0
2012-10-01 00:00:00+00:00,238.0
2012-10-01 00:00:00+00:00,90.0
2012-11-01 00:00:00+00:00,182.0
2012-11-01 00:00:00+00:00,1073.0
2012-11-01 00:00:00+00:00,6845.0
2012-11-01 00:00:00+00:00,6329.0
2012-11-01 00:00:00+00:00,214.0
2012-11-01 00:00:00+00:00,12482.0
2012-11-01 00:00:00+00:00,9211.0
2012-11-01 00:00:00+00:00,215.0
2012-11-01 00:00:00+00:00,40.0
2012-11-01 00:00:00+00:00,15448.0
2012-11-01 00:00:00+00:00,413.0
2012-11-01 00:00:00+00:00,216453.0
2012-11-01 00:00:00+00:00,51724.0
2012-11-01 00:00:00+00:00,164130.0
2012-12-01 00:00:00+00:00,893.0
2012-12-01 00:00:00+00:00,428.0
2012-12-01 00:00:00+00:00,189272.0
2012-12-01 00:00:00+00:00,336.0
2012-12-01 00:00:00+00:00,66152.0
2012-12-01 00:00:00+00:00,765.0
2012-12-01 00:00:00+00:00,6770.0
2012-12-01 00:00:00+00:00,11160.0
2012-12-01 00:00:00+00:00,5976.0
2012-12-01 00:00:00+00:00,40.0
2012-12-01 00:00:00+00:00,10.0
2012-12-01 00:00:00+00:00,239880.0
2012-12-01 00:00:00+00:00,10931.0
2012-12-01 00:00:00+00:00,21729.0
2012-12-01 00:00:00+00:00,210.0
2013-01-01 00:00:00+00:00,11502.0
2013-01-01 00:00:00+00:00,112.0
2013-01-01 00:00:00+00:00,6824.0
2013-01-01 00:00:00+00:00,85769.0
2013-01-01 00:00:00+00:00,12552.0
2013-01-01 00:00:00+00:00,9306.0
2013-01-01 00:00:00+00:00,1206.0
2013-01-01 00:00:00+00:00,504.0
2013-01-01 00:00:00+00:00,60.0
2013-01-01 00:00:00+00:00,208144.0
2013-01-01 00:00:00+00:00,1252.0
2013-01-01 00:00:00+00:00,28511.0
2013-01-01 00:00:00+00:00,110.0
2013-01-01 00:00:00+00:00,805.0
2013-01-01 00:00:00+00:00,270383.0
2013-02-01 00:00:00+00:00,434.0
2013-02-01 00:00:00+00:00,455.0
2013-02-01 00:00:00+00:00,340.0
2013-02-01 00:00:00+00:00,6634.0
2013-02-01 00:00:00+00:00,11983.0
2013-02-01 00:00:00+00:00,10974.0
2013-02-01 00:00:00+00:00,99918.0
2013-02-01 00:00:00+00:00,2824.0
2013-02-01 00:00:00+00:00,32866.0
2013-02-01 00:00:00+00:00,214935.0
2013-02-01 00:00:00+00:00,1113.0
2013-02-01 00:00:00+00:00,178.0
2013-02-01 00:00:00+00:00,6343.0
2013-02-01 00:00:00+00:00,276628.0
2013-03-01 00:00:00+00:00,888.0
2013-03-01 00:00:00+00:00,15995.0
2013-03-01 00:00:00+00:00,8632.0
2013-03-01 00:00:00+00:00,4244.0
2013-03-01 00:00:00+00:00,133100.0
2013-03-01 00:00:00+00:00,43851.0
2013-03-01 00:00:00+00:00,1792.0
2013-03-01 00:00:00+00:00,60.0
2013-03-01 00:00:00+00:00,280.0
2013-03-01 00:00:00+00:00,945.0
2013-03-01 00:00:00+00:00,483.0
2013-03-01 00:00:00+00:00,325454.0
2013-03-01 00:00:00+00:00,254461.0
2013-03-01 00:00:00+00:00,14347.0
2013-03-01 00:00:00+00:00,7715.0
2013-04-01 00:00:00+00:00,290904.0
2013-04-01 00:00:00+00:00,4904.0
2013-04-01 00:00:00+00:00,640.0
2013-04-01 00:00:00+00:00,17105.0
2013-04-01 00:00:00+00:00,8789.0
2013-04-01 00:00:00+00:00,8288.0
2013-04-01 00:00:00+00:00,116.0
2013-04-01 00:00:00+00:00,12946.0
2013-04-01 00:00:00+00:00,346240.0
2013-04-01 00:00:00+00:00,53899.0
2013-04-01 00:00:00+00:00,6952.0
2013-04-01 00:00:00+00:00,1925.0
2013-04-01 00:00:00+00:00,250.0
2013-04-01 00:00:00+00:00,696.0
2013-04-01 00:00:00+00:00,160294.0
2013-05-01 00:00:00+00:00,16725.0
2013-05-01 00:00:00+00:00,9850.0
2013-05-01 00:00:00+00:00,19241.0
2013-05-01 00:00:00+00:00,1701.0
2013-05-01 00:00:00+00:00,395843.0
2013-05-01 00:00:00+00:00,11513.0
2013-05-01 00:00:00+00:00,756.0
2013-05-01 00:00:00+00:00,116.0
2013-05-01 00:00:00+00:00,206464.0
2013-05-01 00:00:00+00:00,9138.0
2013-05-01 00:00:00+00:00,180.0
2013-05-01 00:00:00+00:00,322347.0
2013-05-01 00:00:00+00:00,10364.0
2013-05-01 00:00:00+00:00,168.0
2013-05-01 00:00:00+00:00,66152.0
2013-05-01 00:00:00+00:00,567.0
2013-06-01 00:00:00+00:00,816.0
2013-06-01 00:00:00+00:00,742.0
2013-06-01 00:00:00+00:00,2006.0
2013-06-01 00:00:00+00:00,320522.0
2013-06-01 00:00:00+00:00,116.0
2013-06-01 00:00:00+00:00,7774.0
2013-06-01 00:00:00+00:00,9402.0
2013-06-01 00:00:00+00:00,15017.0
2013-06-01 00:00:00+00:00,390569.0
2013-06-01 00:00:00+00:00,15431.0
2013-06-01 00:00:00+00:00,19452.0
2013-06-01 00:00:00+00:00,222113.0
2013-06-01 00:00:00+00:00,264.0
2013-06-01 00:00:00+00:00,73661.0
2013-06-01 00:00:00+00:00,168.0
2013-06-01 00:00:00+00:00,13251.0
2013-07-01 00:00:00+00:00,10961.0
2013-07-01 00:00:00+00:00,451951.0
2013-07-01 00:00:00+00:00,8940.0
2013-07-01 00:00:00+00:00,24127.0
2013-07-01 00:00:00+00:00,391.0
2013-07-01 00:00:00+00:00,90413.0
2013-07-01 00:00:00+00:00,24779.0
2013-07-01 00:00:00+00:00,186.0
2013-07-01 00:00:00+00:00,286109.0
2013-07-01 00:00:00+00:00,365389.0
2013-07-01 00:00:00+00:00,21396.0
2013-07-01 00:00:00+00:00,17498.0
2013-07-01 00:00:00+00:00,266.0
2013-07-01 00:00:00+00:00,680.0
2013-07-01 00:00:00+00:00,567.0
2013-07-01 00:00:00+00:00,2236.0
2013-08-01 00:00:00+00:00,330.0
2013-08-01 00:00:00+00:00,882.0
2013-08-01 00:00:00+00:00,328838.0
2013-08-01 00:00:00+00:00,11050.0
2013-08-01 00:00:00+00:00,18271.0
2013-08-01 00:00:00+00:00,3413.0
2013-08-01 00:00:00+00:00,9544.0
2013-08-01 00:00:00+00:00,97349.0
2013-08-01 00:00:00+00:00,37488.0
2013-08-01 00:00:00+00:00,27751.0
2013-08-01 00:00:00+00:00,24616.0
2013-08-01 00:00:00+00:00,292.0
2013-08-01 00:00:00+00:00,385774.0
2013-08-01 00:00:00+00:00,473388.0
2013-08-01 00:00:00+00:00,824.0
2013-08-01 00:00:00+00:00,364.0
2013-09-01 00:00:00+00:00,10924.0
2013-09-01 00:00:00+00:00,354045.0
2013-09-01 00:00:00+00:00,105915.0
2013-09-01 00:00:00+00:00,382741.0
2013-09-01 00:00:00+00:00,596.0
2013-09-01 00:00:00+00:00,18186.0
2013-09-01 00:00:00+00:00,9386.0
2013-09-01 00:00:00+00:00,455.0
2013-09-01 00:00:00+00:00,833.0
2013-09-01 00:00:00+00:00,26151.0
2013-09-01 00:00:00+00:00,818.0
2013-09-01 00:00:00+00:00,34702.0
2013-09-01 00:00:00+00:00,47031.0
2013-09-01 00:00:00+00:00,2736.0
2013-09-01 00:00:00+00:00,924.0
2013-09-01 00:00:00+00:00,462985.0
2013-10-01 00:00:00+00:00,435548.0
2013-10-01 00:00:00+00:00,30439.0
2013-10-01 00:00:00+00:00,527347.0
2013-10-01 00:00:00+00:00,728.0
2013-10-01 00:00:00+00:00,20789.0
2013-10-01 00:00:00+00:00,75687.0
2013-10-01 00:00:00+00:00,988.0
2013-10-01 00:00:00+00:00,686.0
2013-10-01 00:00:00+00:00,45514.0
2013-10-01 00:00:00+00:00,12982.0
2013-10-01 00:00:00+00:00,436.0
2013-10-01 00:00:00+00:00,9333.0
2013-10-01 00:00:00+00:00,427362.0
2013-10-01 00:00:00+00:00,121427.0
2013-10-01 00:00:00+00:00,945.0
2013-10-01 00:00:00+00:00,3602.0
2013-11-01 00:00:00+00:00,465476.0
2013-11-01 00:00:00+00:00,1026.0
2013-11-01 00:00:00+00:00,520826.0
2013-11-01 00:00:00+00:00,444257.0
2013-11-01 00:00:00+00:00,21059.0
2013-11-01 00:00:00+00:00,1121.0
2013-11-01 00:00:00+00:00,9746.0
2013-11-01 00:00:00+00:00,316.0
2013-11-01 00:00:00+00:00,808.0
2013-11-01 00:00:00+00:00,88890.0
2013-11-01 00:00:00+00:00,658.0
2013-11-01 00:00:00+00:00,30405.0
2013-11-01 00:00:00+00:00,131610.0
2013-11-01 00:00:00+00:00,3583.0
2013-11-01 00:00:00+00:00,12758.0
2013-11-01 00:00:00+00:00,58592.0
2013-12-01 00:00:00+00:00,118428.0
2013-12-01 00:00:00+00:00,34389.0
2013-12-01 00:00:00+00:00,1072.0
2013-12-01 00:00:00+00:00,3906.0
2013-12-01 00:00:00+00:00,972.0
2013-12-01 00:00:00+00:00,538221.0
2013-12-01 00:00:00+00:00,21132.0
2013-12-01 00:00:00+00:00,488097.0
2013-12-01 00:00:00+00:00,147951.0
2013-12-01 00:00:00+00:00,320.0
2013-12-01 00:00:00+00:00,563547.0
2013-12-01 00:00:00+00:00,11234.0
2013-12-01 00:00:00+00:00,13122.0
2013-12-01 00:00:00+00:00,1649.0
2013-12-01 00:00:00+00:00,71916.0
2013-12-01 00:00:00+00:00,780.0
2014-01-01 00:00:00+00:00,164292.0
2014-01-01 00:00:00+00:00,573620.0
2014-01-01 00:00:00+00:00,1359.0
2014-01-01 00:00:00+00:00,1778.0
2014-01-01 00:00:00+00:00,320.0
2014-01-01 00:00:00+00:00,496.0
2014-01-01 00:00:00+00:00,13314.0
2014-01-01 00:00:00+00:00,35020.0
2014-01-01 00:00:00+00:00,496143.0
2014-01-01 00:00:00+00:00,86313.0
2014-01-01 00:00:00+00:00,1372.0
2014-01-01 00:00:00+00:00,597775.0
2014-01-01 00:00:00+00:00,4979.0
2014-01-01 00:00:00+00:00,11420.0
2014-01-01 00:00:00+00:00,21198.0
2014-01-01 00:00:00+00:00,141326.0
2014-02-01 00:00:00+00:00,96507.0
2014-02-01 00:00:00+00:00,165309.0
2014-02-01 00:00:00+00:00,12996.0
2014-02-01 00:00:00+00:00,546967.0
2014-02-01 00:00:00+00:00,1824.0
2014-02-01 00:00:00+00:00,587711.0
2014-02-01 00:00:00+00:00,458835.0
2014-02-01 00:00:00+00:00,150385.0
2014-02-01 00:00:00+00:00,9780.0
2014-02-01 00:00:00+00:00,456.0
2014-02-01 00:00:00+00:00,4086.0
2014-02-01 00:00:00+00:00,20839.0
2014-02-01 00:00:00+00:00,896.0
2014-02-01 00:00:00+00:00,35142.0
2014-02-01 00:00:00+00:00,756.0
2014-02-01 00:00:00+00:00,1204.0
2014-03-01 00:00:00+00:00,520949.0
2014-03-01 00:00:00+00:00,193526.0
2014-03-01 00:00:00+00:00,13210.0
2014-03-01 00:00:00+00:00,5048.0
2014-03-01 00:00:00+00:00,40949.0
2014-03-01 00:00:00+00:00,11221.0
2014-03-01 00:00:00+00:00,1426.0
2014-03-01 00:00:00+00:00,2063.0
2014-03-01 00:00:00+00:00,712449.0
2014-03-01 00:00:00+00:00,602694.0
2014-03-01 00:00:00+00:00,1358.0
2014-03-01 00:00:00+00:00,440.0
2014-03-01 00:00:00+00:00,196273.0
2014-03-01 00:00:00+00:00,117324.0
2014-03-01 00:00:00+00:00,1074.0
2014-03-01 00:00:00+00:00,21446.0
2014-04-01 00:00:00+00:00,622372.0
2014-04-01 00:00:00+00:00,2422.0
2014-04-01 00:00:00+00:00,140589.0
2014-04-01 00:00:00+00:00,11792.0
2014-04-01 00:00:00+00:00,544402.0
2014-04-01 00:00:00+00:00,209972.0
2014-04-01 00:00:00+00:00,682.0
2014-04-01 00:00:00+00:00,577.0
2014-04-01 00:00:00+00:00,1502.0
2014-04-01 00:00:00+00:00,1862.0
2014-04-01 00:00:00+00:00,12938.0
2014-04-01 00:00:00+00:00,41863.0
2014-04-01 00:00:00+00:00,5949.0
2014-04-01 00:00:00+00:00,227281.0
2014-04-01 00:00:00+00:00,777458.0
2014-04-01 00:00:00+00:00,23117.0
2014-05-01 00:00:00+00:00,277699.0
2014-05-01 00:00:00+00:00,2188.0
2014-05-01 00:00:00+00:00,3325.0
2014-05-01 00:00:00+00:00,231469.0
2014-05-01 00:00:00+00:00,477.0
2014-05-01 00:00:00+00:00,872789.0
2014-05-01 00:00:00+00:00,14361.0
2014-05-01 00:00:00+00:00,13096.0
2014-05-01 00:00:00+00:00,920.0
2014-05-01 00:00:00+00:00,653560.0
2014-05-01 00:00:00+00:00,45955.0
2014-05-01 00:00:00+00:00,24600.0
2014-05-01 00:00:00+00:00,586070.0
2014-05-01 00:00:00+00:00,6022.0
2014-05-01 00:00:00+00:00,1603.0
2014-05-01 00:00:00+00:00,167436.0
2014-06-01 00:00:00+00:00,242072.0
2014-06-01 00:00:00+00:00,3248.0
2014-06-01 00:00:00+00:00,43748.0
2014-06-01 00:00:00+00:00,184232.0
2014-06-01 00:00:00+00:00,1267.0
2014-06-01 00:00:00+00:00,907.0
2014-06-01 00:00:00+00:00,527.0
2014-06-01 00:00:00+00:00,309532.0
2014-06-01 00:00:00+00:00,637281.0
2014-06-01 00:00:00+00:00,1966.0
2014-06-01 00:00:00+00:00,904802.0
2014-06-01 00:00:00+00:00,573608.0
2014-06-01 00:00:00+00:00,21474.0
2014-06-01 00:00:00+00:00,6285.0
2014-06-01 00:00:00+00:00,12868.0
2014-06-01 00:00:00+00:00,13301.0
2014-07-01 00:00:00+00:00,727672.0
2014-07-01 00:00:00+00:00,1498.0
2014-07-01 00:00:00+00:00,648530.0
2014-07-01 00:00:00+00:00,7890.0
2014-07-01 00:00:00+00:00,716.0
2014-07-01 00:00:00+00:00,1624.0
2014-07-01 00:00:00+00:00,283196.0
2014-07-01 00:00:00+00:00,53066.0
2014-07-01 00:00:00+00:00,244561.0
2014-07-01 00:00:00+00:00,4467.0
2014-07-01 00:00:00+00:00,12918.0
2014-07-01 00:00:00+00:00,3108.0
2014-07-01 00:00:00+00:00,391875.0
2014-07-01 00:00:00+00:00,14745.0
2014-07-01 00:00:00+00:00,24743.0
2014-07-01 00:00:00+00:00,1086094.0
2014-08-01 00:00:00+00:00,25160.0
2014-08-01 00:00:00+00:00,13162.0
2014-08-01 00:00:00+00:00,258592.0
2014-08-01 00:00:00+00:00,7457.0
2014-08-01 00:00:00+00:00,684174.0
2014-08-01 00:00:00+00:00,632467.0
2014-08-01 00:00:00+00:00,12846.0
2014-08-01 00:00:00+00:00,1155.0
2014-08-01 00:00:00+00:00,291466.0
2014-08-01 00:00:00+00:00,49411.0
2014-08-01 00:00:00+00:00,1107984.0
2014-08-01 00:00:00+00:00,1610.0
2014-08-01 00:00:00+00:00,3324.0
2014-08-01 00:00:00+00:00,703.0
2014-08-01 00:00:00+00:00,4494.0
2014-08-01 00:00:00+00:00,433113.0
2014-09-01 00:00:00+00:00,54314.0
2014-09-01 00:00:00+00:00,3660.0
2014-09-01 00:00:00+00:00,309583.0
2014-09-01 00:00:00+00:00,999.0
2014-09-01 00:00:00+00:00,25280.0
2014-09-01 00:00:00+00:00,14204.0
2014-09-01 00:00:00+00:00,7820.0
2014-09-01 00:00:00+00:00,653929.0
2014-09-01 00:00:00+00:00,725133.0
2014-09-01 00:00:00+00:00,317342.0
2014-09-01 00:00:00+00:00,1450.0
2014-09-01 00:00:00+00:00,1528.0
2014-09-01 00:00:00+00:00,516609.0
2014-09-01 00:00:00+00:00,5502.0
2014-09-01 00:00:00+00:00,15294.0
2014-09-01 00:00:00+00:00,1232608.0
2014-10-01 00:00:00+00:00,15846.0
2014-10-01 00:00:00+00:00,1506.0
2014-10-01 00:00:00+00:00,379084.0
2014-10-01 00:00:00+00:00,777876.0
2014-10-01 00:00:00+00:00,365544.0
2014-10-01 00:00:00+00:00,1408325.0
2014-10-01 00:00:00+00:00,14483.0
2014-10-01 00:00:00+00:00,628282.0
2014-10-01 00:00:00+00:00,25935.0
2014-10-01 00:00:00+00:00,56.0
2014-10-01 00:00:00+00:00,60010.0
2014-10-01 00:00:00+00:00,571.0
2014-10-01 00:00:00+00:00,4222.0
2014-10-01 00:00:00+00:00,711971.0
2014-10-01 00:00:00+00:00,9223.0
2014-10-01 00:00:00+00:00,1778.0
2014-10-01 00:00:00+00:00,6531.0
2014-11-01 00:00:00+00:00,6776.0
2014-11-01 00:00:00+00:00,7837.0
2014-11-01 00:00:00+00:00,58058.0
2014-11-01 00:00:00+00:00,655704.0
2014-11-01 00:00:00+00:00,923.0
2014-11-01 00:00:00+00:00,350186.0
2014-11-01 00:00:00+00:00,1396687.0
2014-11-01 00:00:00+00:00,26254.0
2014-11-01 00:00:00+00:00,1634.0
2014-11-01 00:00:00+00:00,397705.0
2014-11-01 00:00:00+00:00,661498.0
2014-11-01 00:00:00+00:00,708946.0
2014-11-01 00:00:00+00:00,13858.0
2014-11-01 00:00:00+00:00,4378.0
2014-11-01 00:00:00+00:00,1130.0
2014-11-01 00:00:00+00:00,14736.0
2014-12-01 00:00:00+00:00,934.0
2014-12-01 00:00:00+00:00,1824.0
2014-12-01 00:00:00+00:00,430251.0
2014-12-01 00:00:00+00:00,778671.0
2014-12-01 00:00:00+00:00,1536.0
2014-12-01 00:00:00+00:00,9611.0
2014-12-01 00:00:00+00:00,517328.0
2014-12-01 00:00:00+00:00,8033.0
2014-12-01 00:00:00+00:00,27562.0
2014-12-01 00:00:00+00:00,16436.0
2014-12-01 00:00:00+00:00,623.0
2014-12-01 00:00:00+00:00,4227.0
2014-12-01 00:00:00+00:00,73211.0
2014-12-01 00:00:00+00:00,1719691.0
2014-12-01 00:00:00+00:00,862179.0
2014-12-01 00:00:00+00:00,835601.0
2014-12-01 00:00:00+00:00,15398.0
2015-01-01 00:00:00+00:00,197.0
2015-01-01 00:00:00+00:00,899087.0
2015-01-01 00:00:00+00:00,735540.0
2015-01-01 00:00:00+00:00,27689.0
2015-01-01 00:00:00+00:00,1520.0
2015-01-01 00:00:00+00:00,4184.0
2015-01-01 00:00:00+00:00,1354.0
2015-01-01 00:00:00+00:00,1505.0
2015-01-01 00:00:00+00:00,15286.0
2015-01-01 00:00:00+00:00,68148.0
2015-01-01 00:00:00+00:00,543302.0
2015-01-01 00:00:00+00:00,775330.0
2015-01-01 00:00:00+00:00,8463.0
2015-01-01 00:00:00+00:00,12736.0
2015-01-01 00:00:00+00:00,1748220.0
2015-01-01 00:00:00+00:00,438387.0
2015-01-01 00:00:00+00:00,8264.0
2015-02-01 00:00:00+00:00,2177.0
2015-02-01 00:00:00+00:00,728668.0
2015-02-01 00:00:00+00:00,13536.0
2015-02-01 00:00:00+00:00,3932.0
2015-02-01 00:00:00+00:00,8887.0
2015-02-01 00:00:00+00:00,430401.0
2015-02-01 00:00:00+00:00,64444.0
2015-02-01 00:00:00+00:00,14204.0
2015-02-01 00:00:00+00:00,938421.0
2015-02-01 00:00:00+00:00,26151.0
2015-02-01 00:00:00+00:00,568006.0
2015-02-01 00:00:00+00:00,686403.0
2015-02-01 00:00:00+00:00,1734118.0
2015-02-01 00:00:00+00:00,2013.0
2015-02-01 00:00:00+00:00,8442.0
2015-02-01 00:00:00+00:00,574.0
2015-02-01 00:00:00+00:00,878.0
2015-03-01 00:00:00+00:00,824011.0
2015-03-01 00:00:00+00:00,517068.0
2015-03-01 00:00:00+00:00,8768.0
2015-03-01 00:00:00+00:00,1242.0
2015-03-01 00:00:00+00:00,1165263.0
2015-03-01 00:00:00+00:00,2818.0
2015-03-01 00:00:00+00:00,10684.0
2015-03-01 00:00:00+00:00,553.0
2015-03-01 00:00:00+00:00,769199.0
2015-03-01 00:00:00+00:00,5541.0
2015-03-01 00:00:00+00:00,30608.0
2015-03-01 00:00:00+00:00,15320.0
2015-03-01 00:00:00+00:00,73640.0
2015-03-01 00:00:00+00:00,2060284.0
2015-03-01 00:00:00+00:00,1662.0
2015-03-01 00:00:00+00:00,706224.0
2015-03-01 00:00:00+00:00,15964.0
2015-04-01 00:00:00+00:00,802496.0
2015-04-01 00:00:00+00:00,3284.0
2015-04-01 00:00:00+00:00,537029.0
2015-04-01 00:00:00+00:00,15830.0
2015-04-01 00:00:00+00:00,2146.0
2015-04-01 00:00:00+00:00,10147.0
2015-04-01 00:00:00+00:00,72507.0
2015-04-01 00:00:00+00:00,5222.0
2015-04-01 00:00:00+00:00,818768.0
2015-04-01 00:00:00+00:00,9960.0
2015-04-01 00:00:00+00:00,15338.0
2015-04-01 00:00:00+00:00,2180056.0
2015-04-01 00:00:00+00:00,770119.0
2015-04-01 00:00:00+00:00,27864.0
2015-04-01 00:00:00+00:00,1290745.0
2015-04-01 00:00:00+00:00,112.0
2015-04-01 00:00:00+00:00,1811.0
2015-04-01 00:00:00+00:00,449.0
2015-05-01 00:00:00+00:00,2270984.0
2015-05-01 00:00:00+00:00,782950.0
2015-05-01 00:00:00+00:00,16126.0
2015-05-01 00:00:00+00:00,72114.0
2015-05-01 00:00:00+00:00,1600.0
2015-05-01 00:00:00+00:00,3823.0
2015-05-01 00:00:00+00:00,815122.0
2015-05-01 00:00:00+00:00,555220.0
2015-05-01 00:00:00+00:00,29512.0
2015-05-01 00:00:00+00:00,1406503.0
2015-05-01 00:00:00+00:00,14985.0
2015-05-01 00:00:00+00:00,10107.0
2015-05-01 00:00:00+00:00,1908.0
2015-05-01 00:00:00+00:00,6256.0
2015-05-01 00:00:00+00:00,821522.0
2015-05-01 00:00:00+00:00,521.0
2015-05-01 00:00:00+00:00,10715.0
2015-06-01 00:00:00+00:00,944594.0
2015-06-01 00:00:00+00:00,15222.0
2015-06-01 00:00:00+00:00,2306.0
2015-06-01 00:00:00+00:00,28448.0
2015-06-01 00:00:00+00:00,4501.0
2015-06-01 00:00:00+00:00,721.0
2015-06-01 00:00:00+00:00,76409.0
2015-06-01 00:00:00+00:00,9868.0
2015-06-01 00:00:00+00:00,16414.0
2015-06-01 00:00:00+00:00,821315.0
2015-06-01 00:00:00+00:00,862047.0
2015-06-01 00:00:00+00:00,12068.0
2015-06-01 00:00:00+00:00,112.0
2015-06-01 00:00:00+00:00,5816.0
2015-06-01 00:00:00+00:00,1591705.0
2015-06-01 00:00:00+00:00,2489552.0
2015-06-01 00:00:00+00:00,1501.0
2015-06-01 00:00:00+00:00,616814.0
2015-07-01 00:00:00+00:00,1876383.0
2015-07-01 00:00:00+00:00,7048.0
2015-07-01 00:00:00+00:00,79328.0
2015-07-01 00:00:00+00:00,28.0
2015-07-01 00:00:00+00:00,2783881.0
2015-07-01 00:00:00+00:00,1099926.0
2015-07-01 00:00:00+00:00,3728.0
2015-07-01 00:00:00+00:00,873162.0
2015-07-01 00:00:00+00:00,18502.0
2015-07-01 00:00:00+00:00,1356.0
2015-07-01 00:00:00+00:00,2925.0
2015-07-01 00:00:00+00:00,11971.0
2015-07-01 00:00:00+00:00,689227.0
2015-07-01 00:00:00+00:00,610.0
2015-07-01 00:00:00+00:00,12232.0
2015-07-01 00:00:00+00:00,29332.0
2015-07-01 00:00:00+00:00,904844.0
2015-07-01 00:00:00+00:00,16734.0
2015-08-01 00:00:00+00:00,669.0
2015-08-01 00:00:00+00:00,28.0
2015-08-01 00:00:00+00:00,112.0
2015-08-01 00:00:00+00:00,5691.0
2015-08-01 00:00:00+00:00,2499.0
2015-08-01 00:00:00+00:00,13108.0
2015-08-01 00:00:00+00:00,845802.0
2015-08-01 00:00:00+00:00,74512.0
2015-08-01 00:00:00+00:00,2681190.0
2015-08-01 00:00:00+00:00,803426.0
2015-08-01 00:00:00+00:00,16148.0
2015-08-01 00:00:00+00:00,1954.0
2015-08-01 00:00:00+00:00,11170.0
2015-08-01 00:00:00+00:00,5872.0
2015-08-01 00:00:00+00:00,655429.0
2015-08-01 00:00:00+00:00,27256.0
2015-08-01 00:00:00+00:00,1088802.0
2015-08-01 00:00:00+00:00,17269.0
2015-08-01 00:00:00+00:00,1870243.0
2015-09-01 00:00:00+00:00,716883.0
2015-09-01 00:00:00+00:00,13911.0
2015-09-01 00:00:00+00:00,2161545.0
2015-09-01 00:00:00+00:00,224.0
2015-09-01 00:00:00+00:00,2978068.0
2015-09-01 00:00:00+00:00,1245537.0
2015-09-01 00:00:00+00:00,56.0
2015-09-01 00:00:00+00:00,3044.0
2015-09-01 00:00:00+00:00,863946.0
2015-09-01 00:00:00+00:00,16706.0
2015-09-01 00:00:00+00:00,13046.0
2015-09-01 00:00:00+00:00,56.0
2015-09-01 00:00:00+00:00,80487.0
2015-09-01 00:00:00+00:00,1436.0
2015-09-01 00:00:00+00:00,28371.0
2015-09-01 00:00:00+00:00,443.0
2015-09-01 00:00:00+00:00,6954.0
2015-09-01 00:00:00+00:00,7.0
2015-09-01 00:00:00+00:00,16336.0
2015-09-01 00:00:00+00:00,5878.0
2015-09-01 00:00:00+00:00,896985.0
2015-10-01 00:00:00+00:00,420.0
2015-10-01 00:00:00+00:00,5866.0
2015-10-01 00:00:00+00:00,3139210.0
2015-10-01 00:00:00+00:00,2918.0
2015-10-01 00:00:00+00:00,1363644.0
2015-10-01 00:00:00+00:00,18682.0
2015-10-01 00:00:00+00:00,1093.0
2015-10-01 00:00:00+00:00,12996.0
2015-10-01 00:00:00+00:00,81892.0
2015-10-01 00:00:00+00:00,868202.0
2015-10-01 00:00:00+00:00,763913.0
2015-10-01 00:00:00+00:00,2378582.0
2015-10-01 00:00:00+00:00,224.0
2015-10-01 00:00:00+00:00,30.0
2015-10-01 00:00:00+00:00,907743.0
2015-10-01 00:00:00+00:00,13549.0
2015-10-01 00:00:00+00:00,28243.0
2015-10-01 00:00:00+00:00,7754.0
2015-10-01 00:00:00+00:00,614.0
2015-10-01 00:00:00+00:00,18478.0
2015-11-01 00:00:00+00:00,42.0
2015-11-01 00:00:00+00:00,769548.0
2015-11-01 00:00:00+00:00,891760.0
2015-11-01 00:00:00+00:00,16590.0
2015-11-01 00:00:00+00:00,7.0
2015-11-01 00:00:00+00:00,1290.0
2015-11-01 00:00:00+00:00,2325.0
2015-11-01 00:00:00+00:00,8239.0
2015-11-01 00:00:00+00:00,308.0
2015-11-01 00:00:00+00:00,1439727.0
2015-11-01 00:00:00+00:00,850848.0
2015-11-01 00:00:00+00:00,1321.0
2015-11-01 00:00:00+00:00,27819.0
2015-11-01 00:00:00+00:00,3208247.0
2015-11-01 00:00:00+00:00,14431.0
2015-11-01 00:00:00+00:00,2481328.0
2015-11-01 00:00:00+00:00,935.0
2015-11-01 00:00:00+00:00,13820.0
2015-11-01 00:00:00+00:00,16102.0
2015-11-01 00:00:00+00:00,7376.0
2015-11-01 00:00:00+00:00,83418.0
2015-12-01 00:00:00+00:00,168.0
2015-12-01 00:00:00+00:00,19350.0
2015-12-01 00:00:00+00:00,665.0
2015-12-01 00:00:00+00:00,15085.0
2015-12-01 00:00:00+00:00,1757.0
2015-12-01 00:00:00+00:00,1743284.0
2015-12-01 00:00:00+00:00,19106.0
2015-12-01 00:00:00+00:00,953809.0
2015-12-01 00:00:00+00:00,886757.0
2015-12-01 00:00:00+00:00,28856.0
2015-12-01 00:00:00+00:00,3284.0
2015-12-01 00:00:00+00:00,819.0
2015-12-01 00:00:00+00:00,8362.0
2015-12-01 00:00:00+00:00,35.0
2015-12-01 00:00:00+00:00,3027189.0
2015-12-01 00:00:00+00:00,8320.0
2015-12-01 00:00:00+00:00,985243.0
2015-12-01 00:00:00+00:00,1128.0
2015-12-01 00:00:00+00:00,13654.0
2015-12-01 00:00:00+00:00,3711240.0
2015-12-01 00:00:00+00:00,92047.0
2016-01-01 00:00:00+00:00,856343.0
2016-01-01 00:00:00+00:00,8395.0
2016-01-01 00:00:00+00:00,2019.0
2016-01-01 00:00:00+00:00,3465828.0
2016-01-01 00:00:00+00:00,840.0
2016-01-01 00:00:00+00:00,8620.0
2016-01-01 00:00:00+00:00,17190.0
2016-01-01 00:00:00+00:00,82569.0
2016-01-01 00:00:00+00:00,14504.0
2016-01-01 00:00:00+00:00,2729.0
2016-01-01 00:00:00+00:00,28.0
2016-01-01 00:00:00+00:00,1122.0
2016-01-01 00:00:00+00:00,1674266.0
2016-01-01 00:00:00+00:00,731.0
2016-01-01 00:00:00+00:00,172.0
2016-01-01 00:00:00+00:00,835227.0
2016-01-01 00:00:00+00:00,28086.0
2016-01-01 00:00:00+00:00,14186.0
2016-01-01 00:00:00+00:00,872345.0
2016-01-01 00:00:00+00:00,2891331.0
2016-01-01 00:00:00+00:00,16206.0
2016-02-01 00:00:00+00:00,81485.0
2016-02-01 00:00:00+00:00,845518.0
2016-02-01 00:00:00+00:00,697.0
2016-02-01 00:00:00+00:00,910.0
2016-02-01 00:00:00+00:00,8211.0
2016-02-01 00:00:00+00:00,27086.0
2016-02-01 00:00:00+00:00,8103.0
2016-02-01 00:00:00+00:00,3082135.0
2016-02-01 00:00:00+00:00,3566162.0
2016-02-01 00:00:00+00:00,858503.0
2016-02-01 00:00:00+00:00,2812.0
2016-02-01 00:00:00+00:00,28.0
2016-02-01 00:00:00+00:00,14278.0
2016-02-01 00:00:00+00:00,16900.0
2016-02-01 00:00:00+00:00,889112.0
2016-02-01 00:00:00+00:00,2839.0
2016-02-01 00:00:00+00:00,1498.0
2016-02-01 00:00:00+00:00,112.0
2016-02-01 00:00:00+00:00,13748.0
2016-02-01 00:00:00+00:00,17426.0
2016-02-01 00:00:00+00:00,1804959.0
2016-03-01 00:00:00+00:00,944583.0
2016-03-01 00:00:00+00:00,17652.0
2016-03-01 00:00:00+00:00,3544165.0
2016-03-01 00:00:00+00:00,933152.0
2016-03-01 00:00:00+00:00,3935322.0
2016-03-01 00:00:00+00:00,792.0
2016-03-01 00:00:00+00:00,15640.0
2016-03-01 00:00:00+00:00,56.0
2016-03-01 00:00:00+00:00,86615.0
2016-03-01 00:00:00+00:00,2908.0
2016-03-01 00:00:00+00:00,28.0
2016-03-01 00:00:00+00:00,911818.0
2016-03-01 00:00:00+00:00,15726.0
2016-03-01 00:00:00+00:00,2044148.0
2016-03-01 00:00:00+00:00,18146.0
2016-03-01 00:00:00+00:00,9353.0
2016-03-01 00:00:00+00:00,4792.0
2016-03-01 00:00:00+00:00,56.0
2016-03-01 00:00:00+00:00,10147.0
2016-03-01 00:00:00+00:00,214.0
2016-03-01 00:00:00+00:00,2268.0
2016-03-01 00:00:00+00:00,29131.0
2016-03-01 00:00:00+00:00,674.0
2016-04-01 00:00:00+00:00,1172.0
2016-04-01 00:00:00+00:00,28534.0
2016-04-01 00:00:00+00:00,19224.0
2016-04-01 00:00:00+00:00,6357.0
2016-04-01 00:00:00+00:00,955063.0
2016-04-01 00:00:00+00:00,88640.0
2016-04-01 00:00:00+00:00,86.0
2016-04-01 00:00:00+00:00,947076.0
2016-04-01 00:00:00+00:00,7.0
2016-04-01 00:00:00+00:00,15041.0
2016-04-01 00:00:00+00:00,990254.0
2016-04-01 00:00:00+00:00,203.0
2016-04-01 00:00:00+00:00,2205113.0
2016-04-01 00:00:00+00:00,3855308.0
2016-04-01 00:00:00+00:00,9782.0
2016-04-01 00:00:00+00:00,224.0
2016-04-01 00:00:00+00:00,3542.0
2016-04-01 00:00:00+00:00,612.0
2016-04-01 00:00:00+00:00,21404.0
2016-04-01 00:00:00+00:00,18569.0
2016-04-01 00:00:00+00:00,2748.0
2016-04-01 00:00:00+00:00,4145562.0
2016-04-01 00:00:00+00:00,10738.0
2016-05-01 00:00:00+00:00,56.0
2016-05-01 00:00:00+00:00,909922.0
2016-05-01 00:00:00+00:00,77.0
2016-05-01 00:00:00+00:00,3954555.0
2016-05-01 00:00:00+00:00,9069.0
2016-05-01 00:00:00+00:00,982024.0
2016-05-01 00:00:00+00:00,16654.0
2016-05-01 00:00:00+00:00,90128.0
2016-05-01 00:00:00+00:00,18032.0
2016-05-01 00:00:00+00:00,2946.0
2016-05-01 00:00:00+00:00,63.0
2016-05-01 00:00:00+00:00,4085023.0
2016-05-01 00:00:00+00:00,607.0
2016-05-01 00:00:00+00:00,15550.0
2016-05-01 00:00:00+00:00,21022.0
2016-05-01 00:00:00+00:00,1254.0
2016-05-01 00:00:00+00:00,196.0
2016-05-01 00:00:00+00:00,926362.0
2016-05-01 00:00:00+00:00,11432.0
2016-05-01 00:00:00+00:00,28799.0
2016-05-01 00:00:00+00:00,9971.0
2016-05-01 00:00:00+00:00,4131.0
2016-05-01 00:00:00+00:00,2273784.0
2016-06-01 00:00:00+00:00,11875.0
2016-06-01 00:00:00+00:00,1050785.0
2016-06-01 00:00:00+00:00,2551677.0
2016-06-01 00:00:00+00:00,982661.0
2016-06-01 00:00:00+00:00,196.0
2016-06-01 00:00:00+00:00,11046.0
2016-06-01 00:00:00+00:00,646.0
2016-06-01 00:00:00+00:00,18366.0
2016-06-01 00:00:00+00:00,56.0
2016-06-01 00:00:00+00:00,962774.0
2016-06-01 00:00:00+00:00,1472.0
2016-06-01 00:00:00+00:00,4372732.0
2016-06-01 00:00:00+00:00,12282.0
2016-06-01 00:00:00+00:00,89944.0
2016-06-01 00:00:00+00:00,5948.0
2016-06-01 00:00:00+00:00,4393017.0
2016-06-01 00:00:00+00:00,20487.0
2016-06-01 00:00:00+00:00,20015.0
2016-06-01 00:00:00+00:00,29454.0
2016-06-01 00:00:00+00:00,49.0
2016-06-01 00:00:00+00:00,2700.0
2016-06-01 00:00:00+00:00,16141.0
2016-06-01 00:00:00+00:00,77.0
2016-07-01 00:00:00+00:00,112.0
2016-07-01 00:00:00+00:00,972325.0
2016-07-01 00:00:00+00:00,8461.0
2016-07-01 00:00:00+00:00,15570.0
2016-07-01 00:00:00+00:00,17099.0
2016-07-01 00:00:00+00:00,336.0
2016-07-01 00:00:00+00:00,90384.0
2016-07-01 00:00:00+00:00,1196.0
2016-07-01 00:00:00+00:00,4436440.0
2016-07-01 00:00:00+00:00,30037.0
2016-07-01 00:00:00+00:00,70.0
2016-07-01 00:00:00+00:00,1067599.0
2016-07-01 00:00:00+00:00,2655973.0
2016-07-01 00:00:00+00:00,10020.0
2016-07-01 00:00:00+00:00,19060.0
2016-07-01 00:00:00+00:00,16638.0
2016-07-01 00:00:00+00:00,880.0
2016-07-01 00:00:00+00:00,4564810.0
2016-07-01 00:00:00+00:00,19909.0
2016-07-01 00:00:00+00:00,2505.0
2016-07-01 00:00:00+00:00,11374.0
2016-07-01 00:00:00+00:00,126.0
2016-07-01 00:00:00+00:00,954680.0
2016-08-01 00:00:00+00:00,690.0
2016-08-01 00:00:00+00:00,112.0
2016-08-01 00:00:00+00:00,18265.0
2016-08-01 00:00:00+00:00,10894.0
2016-08-01 00:00:00+00:00,991953.0
2016-08-01 00:00:00+00:00,19934.0
2016-08-01 00:00:00+00:00,49.0
2016-08-01 00:00:00+00:00,1246.0
2016-08-01 00:00:00+00:00,2934.0
2016-08-01 00:00:00+00:00,441.0
2016-08-01 00:00:00+00:00,23054.0
2016-08-01 00:00:00+00:00,31815.0
2016-08-01 00:00:00+00:00,4925250.0
2016-08-01 00:00:00+00:00,12013.0
2016-08-01 00:00:00+00:00,82.0
2016-08-01 00:00:00+00:00,2876679.0
2016-08-01 00:00:00+00:00,22016.0
2016-08-01 00:00:00+00:00,990073.0
2016-08-01 00:00:00+00:00,1125339.0
2016-08-01 00:00:00+00:00,17932.0
2016-08-01 00:00:00+00:00,11309.0
2016-08-01 00:00:00+00:00,4676792.0
2016-08-01 00:00:00+00:00,90084.0
2016-09-01 00:00:00+00:00,2588.0
2016-09-01 00:00:00+00:00,874.0
2016-09-01 00:00:00+00:00,12882.0
2016-09-01 00:00:00+00:00,13928.0
2016-09-01 00:00:00+00:00,29403.0
2016-09-01 00:00:00+00:00,70.0
2016-09-01 00:00:00+00:00,19088.0
2016-09-01 00:00:00+00:00,640.0
2016-09-01 00:00:00+00:00,21342.0
2016-09-01 00:00:00+00:00,56.0
2016-09-01 00:00:00+00:00,56.0
2016-09-01 00:00:00+00:00,1009374.0
2016-09-01 00:00:00+00:00,93983.0
2016-09-01 00:00:00+00:00,14335.0
2016-09-01 00:00:00+00:00,1160967.0
2016-09-01 00:00:00+00:00,17074.0
2016-09-01 00:00:00+00:00,5281935.0
2016-09-01 00:00:00+00:00,616.0
2016-09-01 00:00:00+00:00,1012426.0
2016-09-01 00:00:00+00:00,29293.0
2016-09-01 00:00:00+00:00,21471.0
2016-09-01 00:00:00+00:00,4809928.0
2016-09-01 00:00:00+00:00,3043213.0
2016-10-01 00:00:00+00:00,1165026.0
2016-10-01 00:00:00+00:00,84.0
2016-10-01 00:00:00+00:00,19904.0
2016-10-01 00:00:00+00:00,16989.0
2016-10-01 00:00:00+00:00,1474.0
2016-10-01 00:00:00+00:00,704.0
2016-10-01 00:00:00+00:00,92655.0
2016-10-01 00:00:00+00:00,21060.0
2016-10-01 00:00:00+00:00,980711.0
2016-10-01 00:00:00+00:00,18910.0
2016-10-01 00:00:00+00:00,31864.0
2016-10-01 00:00:00+00:00,13411.0
2016-10-01 00:00:00+00:00,532.0
2016-10-01 00:00:00+00:00,16023.0
2016-10-01 00:00:00+00:00,56.0
2016-10-01 00:00:00+00:00,5380059.0
2016-10-01 00:00:00+00:00,28462.0
2016-10-01 00:00:00+00:00,3101266.0
2016-10-01 00:00:00+00:00,10976.0
2016-10-01 00:00:00+00:00,979997.0
2016-10-01 00:00:00+00:00,4814634.0
2016-10-01 00:00:00+00:00,149.0
2016-10-01 00:00:00+00:00,2769.0
2016-11-01 00:00:00+00:00,130.0
2016-11-01 00:00:00+00:00,17815.0
2016-11-01 00:00:00+00:00,20491.0
2016-11-01 00:00:00+00:00,158.0
2016-11-01 00:00:00+00:00,12620.0
2016-11-01 00:00:00+00:00,5899369.0
2016-11-01 00:00:00+00:00,95042.0
2016-11-01 00:00:00+00:00,5092685.0
2016-11-01 00:00:00+00:00,336.0
2016-11-01 00:00:00+00:00,634.0
2016-11-01 00:00:00+00:00,14309.0
2016-11-01 00:00:00+00:00,1028469.0
2016-11-01 00:00:00+00:00,39011.0
2016-11-01 00:00:00+00:00,1632.0
2016-11-01 00:00:00+00:00,2600.0
2016-11-01 00:00:00+00:00,21614.0
2016-11-01 00:00:00+00:00,27610.0
2016-11-01 00:00:00+00:00,1030855.0
2016-11-01 00:00:00+00:00,3371695.0
2016-11-01 00:00:00+00:00,19736.0
2016-11-01 00:00:00+00:00,1230063.0
2016-11-01 00:00:00+00:00,22482.0
2016-11-01 00:00:00+00:00,112.0
2016-12-01 00:00:00+00:00,1293835.0
2016-12-01 00:00:00+00:00,21084.0
2016-12-01 00:00:00+00:00,1556.0
2016-12-01 00:00:00+00:00,12116.0
2016-12-01 00:00:00+00:00,47562.0
2016-12-01 00:00:00+00:00,56.0
2016-12-01 00:00:00+00:00,101827.0
2016-12-01 00:00:00+00:00,24206.0
2016-12-01 00:00:00+00:00,5375843.0
2016-12-01 00:00:00+00:00,1109595.0
2016-12-01 00:00:00+00:00,91.0
2016-12-01 00:00:00+00:00,23483.0
2016-12-01 00:00:00+00:00,2795.0
2016-12-01 00:00:00+00:00,28889.0
2016-12-01 00:00:00+00:00,22986.0
2016-12-01 00:00:00+00:00,1065994.0
2016-12-01 00:00:00+00:00,240.0
2016-12-01 00:00:00+00:00,14546.0
2016-12-01 00:00:00+00:00,6508593.0
2016-12-01 00:00:00+00:00,3646983.0
2016-12-01 00:00:00+00:00,546.0
2016-12-01 00:00:00+00:00,704.0
2016-12-01 00:00:00+00:00,17483.0
2017-01-01 00:00:00+00:00,94141.0
2017-01-01 00:00:00+00:00,1250384.0
2017-01-01 00:00:00+00:00,5125209.0
2017-01-01 00:00:00+00:00,12198.0
2017-01-01 00:00:00+00:00,1298.0
2017-01-01 00:00:00+00:00,3544808.0
2017-01-01 00:00:00+00:00,56.0
2017-01-01 00:00:00+00:00,732.0
2017-01-01 00:00:00+00:00,20572.0
2017-01-01 00:00:00+00:00,51864.0
2017-01-01 00:00:00+00:00,16451.0
2017-01-01 00:00:00+00:00,28701.0
2017-01-01 00:00:00+00:00,21000.0
2017-01-01 00:00:00+00:00,16830.0
2017-01-01 00:00:00+00:00,20342.0
2017-01-01 00:00:00+00:00,2477.0
2017-01-01 00:00:00+00:00,941964.0
2017-01-01 00:00:00+00:00,27077.0
2017-01-01 00:00:00+00:00,344.0
2017-01-01 00:00:00+00:00,156.0
2017-01-01 00:00:00+00:00,6348842.0
2017-01-01 00:00:00+00:00,448.0
2017-01-01 00:00:00+00:00,1000488.0
2017-02-01 00:00:00+00:00,29700.0
2017-02-01 00:00:00+00:00,16401.0
2017-02-01 00:00:00+00:00,258.0
2017-02-01 00:00:00+00:00,84.0
2017-02-01 00:00:00+00:00,11422.0
2017-02-01 00:00:00+00:00,15626.0
2017-02-01 00:00:00+00:00,55946.0
2017-02-01 00:00:00+00:00,926.0
2017-02-01 00:00:00+00:00,581.0
2017-02-01 00:00:00+00:00,290.0
2017-02-01 00:00:00+00:00,86302.0
2017-02-01 00:00:00+00:00,19688.0
2017-02-01 00:00:00+00:00,18318.0
2017-02-01 00:00:00+00:00,961247.0
2017-02-01 00:00:00+00:00,965755.0
2017-02-01 00:00:00+00:00,6300129.0
2017-02-01 00:00:00+00:00,22832.0
2017-02-01 00:00:00+00:00,3478838.0
2017-02-01 00:00:00+00:00,31495.0
2017-02-01 00:00:00+00:00,4914424.0
2017-02-01 00:00:00+00:00,902.0
2017-02-01 00:00:00+00:00,1187977.0
2017-02-01 00:00:00+00:00,2771.0
2017-03-01 00:00:00+00:00,32315.0
2017-03-01 00:00:00+00:00,20884.0
2017-03-01 00:00:00+00:00,84.0
2017-03-01 00:00:00+00:00,5792780.0
2017-03-01 00:00:00+00:00,7660993.0
2017-03-01 00:00:00+00:00,22582.0
2017-03-01 00:00:00+00:00,4151769.0
2017-03-01 00:00:00+00:00,1514.0
2017-03-01 00:00:00+00:00,73710.0
2017-03-01 00:00:00+00:00,1412785.0
2017-03-01 00:00:00+00:00,800.0
2017-03-01 00:00:00+00:00,580.0
2017-03-01 00:00:00+00:00,217.0
2017-03-01 00:00:00+00:00,2961.0
2017-03-01 00:00:00+00:00,1110514.0
2017-03-01 00:00:00+00:00,24810.0
2017-03-01 00:00:00+00:00,1102291.0
2017-03-01 00:00:00+00:00,700.0
2017-03-01 00:00:00+00:00,19381.0
2017-03-01 00:00:00+00:00,23737.0
2017-03-01 00:00:00+00:00,97818.0
2017-03-01 00:00:00+00:00,12732.0
2017-03-01 00:00:00+00:00,44211.0
2017-04-01 00:00:00+00:00,20626.0
2017-04-01 00:00:00+00:00,1276538.0
2017-04-01 00:00:00+00:00,7254315.0
2017-04-01 00:00:00+00:00,46295.0
2017-04-01 00:00:00+00:00,21517.0
2017-04-01 00:00:00+00:00,436.0
2017-04-01 00:00:00+00:00,11116.0
2017-04-01 00:00:00+00:00,982.0
2017-04-01 00:00:00+00:00,1036.0
2017-04-01 00:00:00+00:00,17061.0
2017-04-01 00:00:00+00:00,19668.0
2017-04-01 00:00:00+00:00,26068.0
2017-04-01 00:00:00+00:00,78289.0
2017-04-01 00:00:00+00:00,977638.0
2017-04-01 00:00:00+00:00,89660.0
2017-04-01 00:00:00+00:00,2730.0
2017-04-01 00:00:00+00:00,18790.0
2017-04-01 00:00:00+00:00,414.0
2017-04-01 00:00:00+00:00,1038683.0
2017-04-01 00:00:00+00:00,112.0
2017-04-01 00:00:00+00:00,5283049.0
2017-04-01 00:00:00+00:00,3858393.0
2017-04-01 00:00:00+00:00,224.0
2017-05-01 00:00:00+00:00,4354376.0
2017-05-01 00:00:00+00:00,97875.0
2017-05-01 00:00:00+00:00,3368.0
2017-05-01 00:00:00+00:00,1066519.0
2017-05-01 00:00:00+00:00,55829.0
2017-05-01 00:00:00+00:00,24039.0
2017-05-01 00:00:00+00:00,725.0
2017-05-01 00:00:00+00:00,17816.0
2017-05-01 00:00:00+00:00,756.0
2017-05-01 00:00:00+00:00,1435810.0
2017-05-01 00:00:00+00:00,20662.0
2017-05-01 00:00:00+00:00,20918.0
2017-05-01 00:00:00+00:00,22451.0
2017-05-01 00:00:00+00:00,252.0
2017-05-01 00:00:00+00:00,210.0
2017-05-01 00:00:00+00:00,8213459.0
2017-05-01 00:00:00+00:00,28964.0
2017-05-01 00:00:00+00:00,13763.0
2017-05-01 00:00:00+00:00,5857636.0
2017-05-01 00:00:00+00:00,539.0
2017-05-01 00:00:00+00:00,1392.0
2017-05-01 00:00:00+00:00,95946.0
2017-05-01 00:00:00+00:00,1130726.0
2017-06-01 00:00:00+00:00,13110.0
2017-06-01 00:00:00+00:00,1159028.0
2017-06-01 00:00:00+00:00,2958.0
2017-06-01 00:00:00+00:00,280.0
2017-06-01 00:00:00+00:00,31679.0
2017-06-01 00:00:00+00:00,8615497.0
2017-06-01 00:00:00+00:00,65754.0
2017-06-01 00:00:00+00:00,24909.0
2017-06-01 00:00:00+00:00,23960.0
2017-06-01 00:00:00+00:00,709.0
2017-06-01 00:00:00+00:00,26185.0
2017-06-01 00:00:00+00:00,1099.0
2017-06-01 00:00:00+00:00,22332.0
2017-06-01 00:00:00+00:00,1054.0
2017-06-01 00:00:00+00:00,4566764.0
2017-06-01 00:00:00+00:00,1489121.0
2017-06-01 00:00:00+00:00,1112277.0
2017-06-01 00:00:00+00:00,115593.0
2017-06-01 00:00:00+00:00,18735.0
2017-06-01 00:00:00+00:00,126.0
2017-06-01 00:00:00+00:00,5949970.0
2017-06-01 00:00:00+00:00,806.0
2017-06-01 00:00:00+00:00,100769.0
2017-07-01 00:00:00+00:00,1078.0
2017-07-01 00:00:00+00:00,266.0
2017-07-01 00:00:00+00:00,8746120.0
2017-07-01 00:00:00+00:00,1473611.0
2017-07-01 00:00:00+00:00,23164.0
2017-07-01 00:00:00+00:00,12736.0
2017-07-01 00:00:00+00:00,27292.0
2017-07-01 00:00:00+00:00,5914798.0
2017-07-01 00:00:00+00:00,20664.0
2017-07-01 00:00:00+00:00,308.0
2017-07-01 00:00:00+00:00,1274.0
2017-07-01 00:00:00+00:00,21162.0
2017-07-01 00:00:00+00:00,802.0
2017-07-01 00:00:00+00:00,22455.0
2017-07-01 00:00:00+00:00,583.0
2017-07-01 00:00:00+00:00,74471.0
2017-07-01 00:00:00+00:00,18511.0
2017-07-01 00:00:00+00:00,4604644.0
2017-07-01 00:00:00+00:00,3347.0
2017-07-01 00:00:00+00:00,1113409.0
2017-07-01 00:00:00+00:00,96502.0
2017-07-01 00:00:00+00:00,130553.0
2017-07-01 00:00:00+00:00,1054257.0
2017-08-01 00:00:00+00:00,12852.0
2017-08-01 00:00:00+00:00,644.0
2017-08-01 00:00:00+00:00,649.0
2017-08-01 00:00:00+00:00,1147361.0
2017-08-01 00:00:00+00:00,6112354.0
2017-08-01 00:00:00+00:00,103124.0
2017-08-01 00:00:00+00:00,706.0
2017-08-01 00:00:00+00:00,1071921.0
2017-08-01 00:00:00+00:00,1539505.0
2017-08-01 00:00:00+00:00,896.0
2017-08-01 00:00:00+00:00,4828895.0
2017-08-01 00:00:00+00:00,2646.0
2017-08-01 00:00:00+00:00,152853.0
2017-08-01 00:00:00+00:00,20656.0
2017-08-01 00:00:00+00:00,24881.0
2017-08-01 00:00:00+00:00,1421.0
2017-08-01 00:00:00+00:00,19130.0
2017-08-01 00:00:00+00:00,238.0
2017-08-01 00:00:00+00:00,88241.0
2017-08-01 00:00:00+00:00,24776.0
2017-08-01 00:00:00+00:00,18919.0
2017-08-01 00:00:00+00:00,9288574.0
2017-08-01 00:00:00+00:00,26012.0
2017-09-01 00:00:00+00:00,23485.0
2017-09-01 00:00:00+00:00,1528749.0
2017-09-01 00:00:00+00:00,97293.0
2017-09-01 00:00:00+00:00,20700.0
2017-09-01 00:00:00+00:00,1316.0
2017-09-01 00:00:00+00:00,690.0
2017-09-01 00:00:00+00:00,759.0
2017-09-01 00:00:00+00:00,469.0
2017-09-01 00:00:00+00:00,12265.0
2017-09-01 00:00:00+00:00,1286.0
2017-09-01 00:00:00+00:00,20602.0
2017-09-01 00:00:00+00:00,1072217.0
2017-09-01 00:00:00+00:00,170432.0
2017-09-01 00:00:00+00:00,24436.0
2017-09-01 00:00:00+00:00,2874.0
2017-09-01 00:00:00+00:00,4828225.0
2017-09-01 00:00:00+00:00,168.0
2017-09-01 00:00:00+00:00,6054408.0
2017-09-01 00:00:00+00:00,9370619.0
2017-09-01 00:00:00+00:00,1125911.0
2017-09-01 00:00:00+00:00,17482.0
2017-09-01 00:00:00+00:00,98841.0
2017-09-01 00:00:00+00:00,26638.0
2017-10-01 00:00:00+00:00,18062.0
2017-10-01 00:00:00+00:00,197143.0
2017-10-01 00:00:00+00:00,23732.0
2017-10-01 00:00:00+00:00,1144823.0
2017-10-01 00:00:00+00:00,676.0
2017-10-01 00:00:00+00:00,13041.0
2017-10-01 00:00:00+00:00,9937982.0
2017-10-01 00:00:00+00:00,16828.0
2017-10-01 00:00:00+00:00,812.0
2017-10-01 00:00:00+00:00,1092776.0
2017-10-01 00:00:00+00:00,630.0
2017-10-01 00:00:00+00:00,364.0
2017-10-01 00:00:00+00:00,24353.0
2017-10-01 00:00:00+00:00,108986.0
2017-10-01 00:00:00+00:00,6254786.0
2017-10-01 00:00:00+00:00,140.0
2017-10-01 00:00:00+00:00,1597135.0
2017-10-01 00:00:00+00:00,3185.0
2017-10-01 00:00:00+00:00,112268.0
2017-10-01 00:00:00+00:00,21282.0
2017-10-01 00:00:00+00:00,5098186.0
2017-10-01 00:00:00+00:00,25387.0
2017-10-01 00:00:00+00:00,1533.0
2017-11-01 00:00:00+00:00,20010.0
2017-11-01 00:00:00+00:00,1112983.0
2017-11-01 00:00:00+00:00,26910.0
2017-11-01 00:00:00+00:00,21796.0
2017-11-01 00:00:00+00:00,19040.0
2017-11-01 00:00:00+00:00,18536.0
2017-11-01 00:00:00+00:00,1215.0
2017-11-01 00:00:00+00:00,308.0
2017-11-01 00:00:00+00:00,1624403.0
2017-11-01 00:00:00+00:00,130554.0
2017-11-01 00:00:00+00:00,10386104.0
2017-11-01 00:00:00+00:00,109504.0
2017-11-01 00:00:00+00:00,28088.0
2017-11-01 00:00:00+00:00,1170286.0
2017-11-01 00:00:00+00:00,224484.0
2017-11-01 00:00:00+00:00,5300457.0
2017-11-01 00:00:00+00:00,806.0
2017-11-01 00:00:00+00:00,140.0
2017-11-01 00:00:00+00:00,6417872.0
2017-11-01 00:00:00+00:00,734.0
2017-11-01 00:00:00+00:00,12367.0
2017-11-01 00:00:00+00:00,3390.0
2017-11-01 00:00:00+00:00,1764.0
2017-12-01 00:00:00+00:00,17565.0
2017-12-01 00:00:00+00:00,28457.0
2017-12-01 00:00:00+00:00,224.0
2017-12-01 00:00:00+00:00,12868.0
2017-12-01 00:00:00+00:00,1204347.0
2017-12-01 00:00:00+00:00,251526.0
2017-12-01 00:00:00+00:00,113961.0
2017-12-01 00:00:00+00:00,2303.0
2017-12-01 00:00:00+00:00,147520.0
2017-12-01 00:00:00+00:00,680.0
2017-12-01 00:00:00+00:00,1125587.0
2017-12-01 00:00:00+00:00,60.0
2017-12-01 00:00:00+00:00,25348.0
2017-12-01 00:00:00+00:00,1655445.0
2017-12-01 00:00:00+00:00,3024.0
2017-12-01 00:00:00+00:00,684.0
2017-12-01 00:00:00+00:00,10887210.0
2017-12-01 00:00:00+00:00,1310.0
2017-12-01 00:00:00+00:00,6517372.0
2017-12-01 00:00:00+00:00,739.0
2017-12-01 00:00:00+00:00,24400.0
2017-12-01 00:00:00+00:00,19510.0
2017-12-01 00:00:00+00:00,5461384.0
2017-12-01 00:00:00+00:00,20696.0
2018-01-01 00:00:00+00:00,1124213.0
2018-01-01 00:00:00+00:00,119487.0
2018-01-01 00:00:00+00:00,11213412.0
2018-01-01 00:00:00+00:00,5619027.0
2018-01-01 00:00:00+00:00,18619.0
2018-01-01 00:00:00+00:00,2079.0
2018-01-01 00:00:00+00:00,19772.0
2018-01-01 00:00:00+00:00,6602458.0
2018-01-01 00:00:00+00:00,1699113.0
2018-01-01 00:00:00+00:00,11727.0
2018-01-01 00:00:00+00:00,22860.0
2018-01-01 00:00:00+00:00,492.0
2018-01-01 00:00:00+00:00,163539.0
2018-01-01 00:00:00+00:00,3848.0
2018-01-01 00:00:00+00:00,1171888.0
2018-01-01 00:00:00+00:00,31381.0
2018-01-01 00:00:00+00:00,140.0
2018-01-01 00:00:00+00:00,1422.0
2018-01-01 00:00:00+00:00,504.0
2018-01-01 00:00:00+00:00,495.0
2018-01-01 00:00:00+00:00,22318.0
2018-01-01 00:00:00+00:00,27334.0
2018-01-01 00:00:00+00:00,287507.0
2018-02-01 00:00:00+00:00,471.0
2018-02-01 00:00:00+00:00,737.0
2018-02-01 00:00:00+00:00,24564.0
2018-02-01 00:00:00+00:00,112.0
2018-02-01 00:00:00+00:00,20502.0
2018-02-01 00:00:00+00:00,11008.0
2018-02-01 00:00:00+00:00,6021335.0
2018-02-01 00:00:00+00:00,166550.0
2018-02-01 00:00:00+00:00,114708.0
2018-02-01 00:00:00+00:00,28263.0
2018-02-01 00:00:00+00:00,2702.0
2018-02-01 00:00:00+00:00,1240.0
2018-02-01 00:00:00+00:00,18767.0
2018-02-01 00:00:00+00:00,5185489.0
2018-02-01 00:00:00+00:00,16051.0
2018-02-01 00:00:00+00:00,2723.0
2018-02-01 00:00:00+00:00,997414.0
2018-02-01 00:00:00+00:00,1078833.0
2018-02-01 00:00:00+00:00,284077.0
2018-02-01 00:00:00+00:00,10484922.0
2018-02-01 00:00:00+00:00,1554916.0
2018-02-01 00:00:00+00:00,900.0
2018-02-01 00:00:00+00:00,18100.0
2018-03-01 00:00:00+00:00,1745583.0
2018-03-01 00:00:00+00:00,21641.0
2018-03-01 00:00:00+00:00,404.0
2018-03-01 00:00:00+00:00,1120430.0
2018-03-01 00:00:00+00:00,3328.0
2018-03-01 00:00:00+00:00,6778231.0
2018-03-01 00:00:00+00:00,18792.0
2018-03-01 00:00:00+00:00,2863.0
2018-03-01 00:00:00+00:00,140.0
2018-03-01 00:00:00+00:00,17982.0
2018-03-01 00:00:00+00:00,28852.0
2018-03-01 00:00:00+00:00,5903998.0
2018-03-01 00:00:00+00:00,201818.0
2018-03-01 00:00:00+00:00,1167034.0
2018-03-01 00:00:00+00:00,1696.0
2018-03-01 00:00:00+00:00,564.0
2018-03-01 00:00:00+00:00,20256.0
2018-03-01 00:00:00+00:00,11957463.0
2018-03-01 00:00:00+00:00,11952.0
2018-03-01 00:00:00+00:00,644.0
2018-03-01 00:00:00+00:00,135029.0
2018-03-01 00:00:00+00:00,30.0
2018-03-01 00:00:00+00:00,349789.0
2018-03-01 00:00:00+00:00,32121.0
2018-04-01 00:00:00+00:00,11805.0
2018-04-01 00:00:00+00:00,11977900.0
2018-04-01 00:00:00+00:00,371568.0
2018-04-01 00:00:00+00:00,1078647.0
2018-04-01 00:00:00+00:00,26827.0
2018-04-01 00:00:00+00:00,31855.0
2018-04-01 00:00:00+00:00,140798.0
2018-04-01 00:00:00+00:00,1711868.0
2018-04-01 00:00:00+00:00,6633157.0
2018-04-01 00:00:00+00:00,977.0
2018-04-01 00:00:00+00:00,20952.0
2018-04-01 00:00:00+00:00,879.0
2018-04-01 00:00:00+00:00,17491.0
2018-04-01 00:00:00+00:00,5840707.0
2018-04-01 00:00:00+00:00,215812.0
2018-04-01 00:00:00+00:00,18250.0
2018-04-01 00:00:00+00:00,2803.0
2018-04-01 00:00:00+00:00,20504.0
2018-04-01 00:00:00+00:00,1168273.0
2018-04-01 00:00:00+00:00,1733.0
2018-04-01 00:00:00+00:00,182.0
2018-04-01 00:00:00+00:00,812.0
2018-04-01 00:00:00+00:00,2898.0
2018-05-01 00:00:00+00:00,1675.0
2018-05-01 00:00:00+00:00,337.0
2018-05-01 00:00:00+00:00,1817209.0
2018-05-01 00:00:00+00:00,428375.0
2018-05-01 00:00:00+00:00,32355.0
2018-05-01 00:00:00+00:00,1125515.0
2018-05-01 00:00:00+00:00,11944.0
2018-05-01 00:00:00+00:00,1202947.0
2018-05-01 00:00:00+00:00,12852182.0
2018-05-01 00:00:00+00:00,19108.0
2018-05-01 00:00:00+00:00,692.0
2018-05-01 00:00:00+00:00,26612.0
2018-05-01 00:00:00+00:00,2870.0
2018-05-01 00:00:00+00:00,248831.0
2018-05-01 00:00:00+00:00,156426.0
2018-05-01 00:00:00+00:00,849.0
2018-05-01 00:00:00+00:00,6209884.0
2018-05-01 00:00:00+00:00,19599.0
2018-05-01 00:00:00+00:00,2926.0
2018-05-01 00:00:00+00:00,6992236.0
2018-05-01 00:00:00+00:00,17458.0
2018-05-01 00:00:00+00:00,22465.0
2018-05-01 00:00:00+00:00,231.0
2018-06-01 00:00:00+00:00,6853266.0
2018-06-01 00:00:00+00:00,12918454.0
2018-06-01 00:00:00+00:00,1190365.0
2018-06-01 00:00:00+00:00,23154.0
2018-06-01 00:00:00+00:00,18426.0
2018-06-01 00:00:00+00:00,6206008.0
2018-06-01 00:00:00+00:00,11928.0
2018-06-01 00:00:00+00:00,19240.0
2018-06-01 00:00:00+00:00,3381.0
2018-06-01 00:00:00+00:00,457767.0
2018-06-01 00:00:00+00:00,1804993.0
2018-06-01 00:00:00+00:00,112.0
2018-06-01 00:00:00+00:00,883.0
2018-06-01 00:00:00+00:00,27752.0
2018-06-01 00:00:00+00:00,280.0
2018-06-01 00:00:00+00:00,266322.0
2018-06-01 00:00:00+00:00,1113272.0
2018-06-01 00:00:00+00:00,18085.0
2018-06-01 00:00:00+00:00,32767.0
2018-06-01 00:00:00+00:00,2309.0
2018-06-01 00:00:00+00:00,1054.0
2018-06-01 00:00:00+00:00,3231.0
2018-06-01 00:00:00+00:00,156768.0
2018-07-01 00:00:00+00:00,728.0
2018-07-01 00:00:00+00:00,12064.0
2018-07-01 00:00:00+00:00,13490624.0
2018-07-01 00:00:00+00:00,295508.0
2018-07-01 00:00:00+00:00,7038018.0
2018-07-01 00:00:00+00:00,3089.0
2018-07-01 00:00:00+00:00,6469756.0
2018-07-01 00:00:00+00:00,583.0
2018-07-01 00:00:00+00:00,19912.0
2018-07-01 00:00:00+00:00,28052.0
2018-07-01 00:00:00+00:00,16680.0
2018-07-01 00:00:00+00:00,32277.0
2018-07-01 00:00:00+00:00,169149.0
2018-07-01 00:00:00+00:00,811.0
2018-07-01 00:00:00+00:00,1116474.0
2018-07-01 00:00:00+00:00,3133.0
2018-07-01 00:00:00+00:00,20666.0
2018-07-01 00:00:00+00:00,19818.0
2018-07-01 00:00:00+00:00,2816.0
2018-07-01 00:00:00+00:00,224.0
2018-07-01 00:00:00+00:00,513191.0
2018-07-01 00:00:00+00:00,1867115.0
2018-07-01 00:00:00+00:00,1208817.0
2018-08-01 00:00:00+00:00,1162664.0
2018-08-01 00:00:00+00:00,21664.0
2018-08-01 00:00:00+00:00,21430.0
2018-08-01 00:00:00+00:00,3340.0
2018-08-01 00:00:00+00:00,836.0
2018-08-01 00:00:00+00:00,3059.0
2018-08-01 00:00:00+00:00,133.0
2018-08-01 00:00:00+00:00,186449.0
2018-08-01 00:00:00+00:00,11896.0
2018-08-01 00:00:00+00:00,6743712.0
2018-08-01 00:00:00+00:00,18756.0
2018-08-01 00:00:00+00:00,604.0
2018-08-01 00:00:00+00:00,326922.0
2018-08-01 00:00:00+00:00,1957555.0
2018-08-01 00:00:00+00:00,33197.0
2018-08-01 00:00:00+00:00,17670.0
2018-08-01 00:00:00+00:00,3273.0
2018-08-01 00:00:00+00:00,28886.0
2018-08-01 00:00:00+00:00,1230163.0
2018-08-01 00:00:00+00:00,7314550.0
2018-08-01 00:00:00+00:00,1159.0
2018-08-01 00:00:00+00:00,14222955.0
2018-08-01 00:00:00+00:00,570172.0
2018-09-01 00:00:00+00:00,11958.0
2018-09-01 00:00:00+00:00,15526.0
2018-09-01 00:00:00+00:00,13446428.0
2018-09-01 00:00:00+00:00,325452.0
2018-09-01 00:00:00+00:00,3873.0
2018-09-01 00:00:00+00:00,3311.0
2018-09-01 00:00:00+00:00,210.0
2018-09-01 00:00:00+00:00,1073455.0
2018-09-01 00:00:00+00:00,181792.0
2018-09-01 00:00:00+00:00,758.0
2018-09-01 00:00:00+00:00,568833.0
2018-09-01 00:00:00+00:00,520.0
2018-09-01 00:00:00+00:00,18732.0
2018-09-01 00:00:00+00:00,1006.0
2018-09-01 00:00:00+00:00,172.0
2018-09-01 00:00:00+00:00,1837047.0
2018-09-01 00:00:00+00:00,1165798.0
2018-09-01 00:00:00+00:00,3262.0
2018-09-01 00:00:00+00:00,32250.0
2018-09-01 00:00:00+00:00,18260.0
2018-09-01 00:00:00+00:00,6805125.0
2018-09-01 00:00:00+00:00,28674.0
2018-09-01 00:00:00+00:00,20467.0
2018-09-01 00:00:00+00:00,6417199.0
2018-10-01 00:00:00+00:00,7449101.0
2018-10-01 00:00:00+00:00,386256.0
2018-10-01 00:00:00+00:00,210903.0
2018-10-01 00:00:00+00:00,7068332.0
2018-10-01 00:00:00+00:00,2954.0
2018-10-01 00:00:00+00:00,20340.0
2018-10-01 00:00:00+00:00,1439.0
2018-10-01 00:00:00+00:00,60.0
2018-10-01 00:00:00+00:00,783.0
2018-10-01 00:00:00+00:00,1236356.0
2018-10-01 00:00:00+00:00,1169795.0
2018-10-01 00:00:00+00:00,18607.0
2018-10-01 00:00:00+00:00,14979214.0
2018-10-01 00:00:00+00:00,20632.0
2018-10-01 00:00:00+00:00,12838.0
2018-10-01 00:00:00+00:00,664261.0
2018-10-01 00:00:00+00:00,2007911.0
2018-10-01 00:00:00+00:00,31052.0
2018-10-01 00:00:00+00:00,1126.0
2018-10-01 00:00:00+00:00,316.0
2018-10-01 00:00:00+00:00,22738.0
2018-10-01 00:00:00+00:00,3376.0
2018-10-01 00:00:00+00:00,3714.0
2018-10-01 00:00:00+00:00,37624.0
2018-11-01 00:00:00+00:00,216118.0
2018-11-01 00:00:00+00:00,965.0
2018-11-01 00:00:00+00:00,931.0
2018-11-01 00:00:00+00:00,19718.0
2018-11-01 00:00:00+00:00,84.0
2018-11-01 00:00:00+00:00,1996490.0
2018-11-01 00:00:00+00:00,36309.0
2018-11-01 00:00:00+00:00,689206.0
2018-11-01 00:00:00+00:00,7312907.0
2018-11-01 00:00:00+00:00,3217.0
2018-11-01 00:00:00+00:00,3031.0
2018-11-01 00:00:00+00:00,13618.0
2018-11-01 00:00:00+00:00,18188.0
2018-11-01 00:00:00+00:00,14996828.0
2018-11-01 00:00:00+00:00,3633.0
2018-11-01 00:00:00+00:00,397574.0
2018-11-01 00:00:00+00:00,16750.0
2018-11-01 00:00:00+00:00,664.0
2018-11-01 00:00:00+00:00,1229973.0
2018-11-01 00:00:00+00:00,7037509.0
2018-11-01 00:00:00+00:00,30416.0
2018-11-01 00:00:00+00:00,1133629.0
2018-11-01 00:00:00+00:00,22725.0
2018-12-01 00:00:00+00:00,1268.0
2018-12-01 00:00:00+00:00,34453.0
2018-12-01 00:00:00+00:00,208.0
2018-12-01 00:00:00+00:00,749715.0
2018-12-01 00:00:00+00:00,19546.0
2018-12-01 00:00:00+00:00,3185.0
2018-12-01 00:00:00+00:00,1217380.0
2018-12-01 00:00:00+00:00,18644.0
2018-12-01 00:00:00+00:00,429922.0
2018-12-01 00:00:00+00:00,29346.0
2018-12-01 00:00:00+00:00,3398.0
2018-12-01 00:00:00+00:00,234328.0
2018-12-01 00:00:00+00:00,1240.0
2018-12-01 00:00:00+00:00,15478669.0
2018-12-01 00:00:00+00:00,2018398.0
2018-12-01 00:00:00+00:00,924.0
2018-12-01 00:00:00+00:00,12644.0
2018-12-01 00:00:00+00:00,19784.0
2018-12-01 00:00:00+00:00,23997.0
2018-12-01 00:00:00+00:00,7428942.0
2018-12-01 00:00:00+00:00,4458.0
2018-12-01 00:00:00+00:00,7182540.0
2018-12-01 00:00:00+00:00,1148315.0
2019-01-01 00:00:00+00:00,84.0
2019-01-01 00:00:00+00:00,38022.0
2019-01-01 00:00:00+00:00,4690.0
2019-01-01 00:00:00+00:00,1240478.0
2019-01-01 00:00:00+00:00,2863.0
2019-01-01 00:00:00+00:00,7512744.0
2019-01-01 00:00:00+00:00,13425.0
2019-01-01 00:00:00+00:00,3156.0
2019-01-01 00:00:00+00:00,19032.0
2019-01-01 00:00:00+00:00,2072361.0
2019-01-01 00:00:00+00:00,20576.0
2019-01-01 00:00:00+00:00,456737.0
2019-01-01 00:00:00+00:00,792993.0
2019-01-01 00:00:00+00:00,15913465.0
2019-01-01 00:00:00+00:00,246520.0
2019-01-01 00:00:00+00:00,1722.0
2019-01-01 00:00:00+00:00,16363.0
2019-01-01 00:00:00+00:00,928.0
2019-01-01 00:00:00+00:00,1148385.0
2019-01-01 00:00:00+00:00,18441.0
2019-01-01 00:00:00+00:00,522.0
2019-01-01 00:00:00+00:00,28124.0
2019-01-01 00:00:00+00:00,15.0
2019-01-01 00:00:00+00:00,7354296.0
2019-02-01 00:00:00+00:00,1029032.0
2019-02-01 00:00:00+00:00,638.0
2019-02-01 00:00:00+00:00,14651623.0
2019-02-01 00:00:00+00:00,1896956.0
2019-02-01 00:00:00+00:00,6825113.0
2019-02-01 00:00:00+00:00,1539.0
2019-02-01 00:00:00+00:00,4580.0
2019-02-01 00:00:00+00:00,1136238.0
2019-02-01 00:00:00+00:00,17856.0
2019-02-01 00:00:00+00:00,3108.0
2019-02-01 00:00:00+00:00,4094.0
2019-02-01 00:00:00+00:00,16200.0
2019-02-01 00:00:00+00:00,440654.0
2019-02-01 00:00:00+00:00,10683.0
2019-02-01 00:00:00+00:00,86.0
2019-02-01 00:00:00+00:00,36220.0
2019-02-01 00:00:00+00:00,226264.0
2019-02-01 00:00:00+00:00,17179.0
2019-02-01 00:00:00+00:00,508.0
2019-02-01 00:00:00+00:00,27554.0
2019-02-01 00:00:00+00:00,15566.0
2019-02-01 00:00:00+00:00,754650.0
2019-02-01 00:00:00+00:00,6762629.0
2019-03-01 00:00:00+00:00,497243.0
2019-03-01 00:00:00+00:00,626.0
2019-03-01 00:00:00+00:00,17367.0
2019-03-01 00:00:00+00:00,1204348.0
2019-03-01 00:00:00+00:00,140.0
2019-03-01 00:00:00+00:00,868043.0
2019-03-01 00:00:00+00:00,15388.0
2019-03-01 00:00:00+00:00,1750.0
2019-03-01 00:00:00+00:00,7411675.0
2019-03-01 00:00:00+00:00,16260492.0
2019-03-01 00:00:00+00:00,1110817.0
2019-03-01 00:00:00+00:00,2058794.0
2019-03-01 00:00:00+00:00,28990.0
2019-03-01 00:00:00+00:00,7399078.0
2019-03-01 00:00:00+00:00,18958.0
2019-03-01 00:00:00+00:00,5300.0
2019-03-01 00:00:00+00:00,17874.0
2019-03-01 00:00:00+00:00,37487.0
2019-03-01 00:00:00+00:00,3815.0
2019-03-01 00:00:00+00:00,13164.0
2019-03-01 00:00:00+00:00,254872.0
2019-03-01 00:00:00+00:00,625.0
2019-03-01 00:00:00+00:00,2996.0
2019-04-01 00:00:00+00:00,2538.0
2019-04-01 00:00:00+00:00,762.0
2019-04-01 00:00:00+00:00,17881.0
2019-04-01 00:00:00+00:00,2828.0
2019-04-01 00:00:00+00:00,17732.0
2019-04-01 00:00:00+00:00,40163.0
2019-04-01 00:00:00+00:00,668.0
2019-04-01 00:00:00+00:00,1177225.0
2019-04-01 00:00:00+00:00,224.0
2019-04-01 00:00:00+00:00,7442291.0
2019-04-01 00:00:00+00:00,16489.0
2019-04-01 00:00:00+00:00,2070923.0
2019-04-01 00:00:00+00:00,904144.0
2019-04-01 00:00:00+00:00,7340275.0
2019-04-01 00:00:00+00:00,524148.0
2019-04-01 00:00:00+00:00,6460.0
2019-04-01 00:00:00+00:00,12820.0
2019-04-01 00:00:00+00:00,260719.0
2019-04-01 00:00:00+00:00,16381622.0
2019-04-01 00:00:00+00:00,16982.0
2019-04-01 00:00:00+00:00,1084246.0
2019-04-01 00:00:00+00:00,28777.0
2019-04-01 00:00:00+00:00,4236.0
2019-05-01 00:00:00+00:00,4116.0
2019-05-01 00:00:00+00:00,2597.0
2019-05-01 00:00:00+00:00,418.0
2019-05-01 00:00:00+00:00,2218057.0
2019-05-01 00:00:00+00:00,8020577.0
2019-05-01 00:00:00+00:00,3462.0
2019-05-01 00:00:00+00:00,140.0
2019-05-01 00:00:00+00:00,45793.0
2019-05-01 00:00:00+00:00,18047.0
2019-05-01 00:00:00+00:00,17812412.0
2019-05-01 00:00:00+00:00,823.0
2019-05-01 00:00:00+00:00,1019777.0
2019-05-01 00:00:00+00:00,17802.0
2019-05-01 00:00:00+00:00,291209.0
2019-05-01 00:00:00+00:00,1151751.0
2019-05-01 00:00:00+00:00,609245.0
2019-05-01 00:00:00+00:00,30597.0
2019-05-01 00:00:00+00:00,13694.0
2019-05-01 00:00:00+00:00,18752.0
2019-05-01 00:00:00+00:00,1259019.0
2019-05-01 00:00:00+00:00,7854513.0
2019-05-01 00:00:00+00:00,6940.0
2019-05-01 00:00:00+00:00,19616.0
2019-06-01 00:00:00+00:00,1145019.0
2019-06-01 00:00:00+00:00,2580.0
2019-06-01 00:00:00+00:00,140.0
2019-06-01 00:00:00+00:00,16746.0
2019-06-01 00:00:00+00:00,3269.0
2019-06-01 00:00:00+00:00,358.0
2019-06-01 00:00:00+00:00,1004180.0
2019-06-01 00:00:00+00:00,17582.0
2019-06-01 00:00:00+00:00,7527769.0
2019-06-01 00:00:00+00:00,43047.0
2019-06-01 00:00:00+00:00,16641803.0
2019-06-01 00:00:00+00:00,12230.0
2019-06-01 00:00:00+00:00,3890.0
2019-06-01 00:00:00+00:00,282214.0
2019-06-01 00:00:00+00:00,16926.0
2019-06-01 00:00:00+00:00,1067302.0
2019-06-01 00:00:00+00:00,578868.0
2019-06-01 00:00:00+00:00,28100.0
2019-06-01 00:00:00+00:00,6671.0
2019-06-01 00:00:00+00:00,2066788.0
2019-06-01 00:00:00+00:00,7271173.0
2019-06-01 00:00:00+00:00,806.0
2019-06-01 00:00:00+00:00,10.0
2019-06-01 00:00:00+00:00,16762.0
2019-07-01 00:00:00+00:00,17444.0
2019-07-01 00:00:00+00:00,14172.0
2019-07-01 00:00:00+00:00,18536.0
2019-07-01 00:00:00+00:00,1180100.0
2019-07-01 00:00:00+00:00,300075.0
2019-07-01 00:00:00+00:00,641398.0
2019-07-01 00:00:00+00:00,3397.0
2019-07-01 00:00:00+00:00,17515022.0
2019-07-01 00:00:00+00:00,7498886.0
2019-07-01 00:00:00+00:00,1122350.0
2019-07-01 00:00:00+00:00,17527.0
2019-07-01 00:00:00+00:00,140.0
2019-07-01 00:00:00+00:00,2125619.0
2019-07-01 00:00:00+00:00,860.0
2019-07-01 00:00:00+00:00,7835821.0
2019-07-01 00:00:00+00:00,4536.0
2019-07-01 00:00:00+00:00,478.0
2019-07-01 00:00:00+00:00,30557.0
2019-07-01 00:00:00+00:00,1079908.0
2019-07-01 00:00:00+00:00,15976.0
2019-07-01 00:00:00+00:00,7094.0
2019-07-01 00:00:00+00:00,2880.0
2019-07-01 00:00:00+00:00,47146.0
2019-08-01 00:00:00+00:00,912.0
2019-08-01 00:00:00+00:00,14161.0
2019-08-01 00:00:00+00:00,19030040.0
2019-08-01 00:00:00+00:00,32140.0
2019-08-01 00:00:00+00:00,17806.0
2019-08-01 00:00:00+00:00,18054.0
2019-08-01 00:00:00+00:00,1257365.0
2019-08-01 00:00:00+00:00,2285595.0
2019-08-01 00:00:00+00:00,3430.0
2019-08-01 00:00:00+00:00,7608.0
2019-08-01 00:00:00+00:00,2874.0
2019-08-01 00:00:00+00:00,1252997.0
2019-08-01 00:00:00+00:00,18086.0
2019-08-01 00:00:00+00:00,723113.0
2019-08-01 00:00:00+00:00,18527.0
2019-08-01 00:00:00+00:00,280.0
2019-08-01 00:00:00+00:00,554.0
2019-08-01 00:00:00+00:00,8464415.0
2019-08-01 00:00:00+00:00,8076853.0
2019-08-01 00:00:00+00:00,50583.0
2019-08-01 00:00:00+00:00,5229.0
2019-08-01 00:00:00+00:00,333819.0
2019-08-01 00:00:00+00:00,1148594.0
2019-09-01 00:00:00+00:00,7658.0
2019-09-01 00:00:00+00:00,30254.0
2019-09-01 00:00:00+00:00,18686.0
2019-09-01 00:00:00+00:00,546.0
2019-09-01 00:00:00+00:00,17884577.0
2019-09-01 00:00:00+00:00,2716.0
2019-09-01 00:00:00+00:00,324536.0
2019-09-01 00:00:00+00:00,1166795.0
2019-09-01 00:00:00+00:00,1241042.0
2019-09-01 00:00:00+00:00,15966.0
2019-09-01 00:00:00+00:00,711433.0
2019-09-01 00:00:00+00:00,7958995.0
2019-09-01 00:00:00+00:00,19093.0
2019-09-01 00:00:00+00:00,16444.0
2019-09-01 00:00:00+00:00,2135653.0
2019-09-01 00:00:00+00:00,3325.0
2019-09-01 00:00:00+00:00,12998.0
2019-09-01 00:00:00+00:00,51557.0
2019-09-01 00:00:00+00:00,1073236.0
2019-09-01 00:00:00+00:00,7548850.0
2019-09-01 00:00:00+00:00,252.0
2019-09-01 00:00:00+00:00,870.0
2019-09-01 00:00:00+00:00,4897.0
2019-10-01 00:00:00+00:00,7981148.0
2019-10-01 00:00:00+00:00,3286.0
2019-10-01 00:00:00+00:00,5054.0
2019-10-01 00:00:00+00:00,18066.0
2019-10-01 00:00:00+00:00,17215.0
2019-10-01 00:00:00+00:00,1116130.0
2019-10-01 00:00:00+00:00,726.0
2019-10-01 00:00:00+00:00,2261472.0
2019-10-01 00:00:00+00:00,33385.0
2019-10-01 00:00:00+00:00,7973.0
2019-10-01 00:00:00+00:00,1230645.0
2019-10-01 00:00:00+00:00,18834.0
2019-10-01 00:00:00+00:00,352030.0
2019-10-01 00:00:00+00:00,3259.0
2019-10-01 00:00:00+00:00,1135.0
2019-10-01 00:00:00+00:00,252.0
2019-10-01 00:00:00+00:00,19288398.0
2019-10-01 00:00:00+00:00,60319.0
2019-10-01 00:00:00+00:00,1395031.0
2019-10-01 00:00:00+00:00,17806.0
2019-10-01 00:00:00+00:00,8612399.0
2019-10-01 00:00:00+00:00,13606.0
2019-10-01 00:00:00+00:00,810219.0
2019-11-01 00:00:00+00:00,7805.0
2019-11-01 00:00:00+00:00,2185461.0
2019-11-01 00:00:00+00:00,298.0
2019-11-01 00:00:00+00:00,1167003.0
2019-11-01 00:00:00+00:00,1063012.0
2019-11-01 00:00:00+00:00,31322.0
2019-11-01 00:00:00+00:00,7715673.0
2019-11-01 00:00:00+00:00,15830.0
2019-11-01 00:00:00+00:00,359785.0
2019-11-01 00:00:00+00:00,825756.0
2019-11-01 00:00:00+00:00,18774799.0
2019-11-01 00:00:00+00:00,1431066.0
2019-11-01 00:00:00+00:00,12496.0
2019-11-01 00:00:00+00:00,60186.0
2019-11-01 00:00:00+00:00,8315488.0
2019-11-01 00:00:00+00:00,17830.0
2019-11-01 00:00:00+00:00,17142.0
2019-11-01 00:00:00+00:00,886.0
2019-11-01 00:00:00+00:00,224.0
2019-11-01 00:00:00+00:00,3626.0
2019-11-01 00:00:00+00:00,19100.0
2019-11-01 00:00:00+00:00,5352.0
2019-11-01 00:00:00+00:00,2819.0
2019-12-01 00:00:00+00:00,1204633.0
2019-12-01 00:00:00+00:00,3016.0
2019-12-01 00:00:00+00:00,897463.0
2019-12-01 00:00:00+00:00,7951324.0
2019-12-01 00:00:00+00:00,2248362.0
2019-12-01 00:00:00+00:00,35201.0
2019-12-01 00:00:00+00:00,72374.0
2019-12-01 00:00:00+00:00,374158.0
2019-12-01 00:00:00+00:00,478.0
2019-12-01 00:00:00+00:00,18024.0
2019-12-01 00:00:00+00:00,19677239.0
2019-12-01 00:00:00+00:00,9086.0
2019-12-01 00:00:00+00:00,1558211.0
2019-12-01 00:00:00+00:00,14167.0
2019-12-01 00:00:00+00:00,8623456.0
2019-12-01 00:00:00+00:00,13863.0
2019-12-01 00:00:00+00:00,3506.0
2019-12-01 00:00:00+00:00,17120.0
2019-12-01 00:00:00+00:00,1077108.0
2019-12-01 00:00:00+00:00,1472.0
2019-12-01 00:00:00+00:00,18173.0
2019-12-01 00:00:00+00:00,336.0
2019-12-01 00:00:00+00:00,4699.0
2020-01-01 00:00:00+00:00,478.0
2020-01-01 00:00:00+00:00,4979.0
2020-01-01 00:00:00+00:00,79680.0
2020-01-01 00:00:00+00:00,1200739.0
2020-01-01 00:00:00+00:00,9569.0
2020-01-01 00:00:00+00:00,15500.0
2020-01-01 00:00:00+00:00,1194.0
2020-01-01 00:00:00+00:00,8000079.0
2020-01-01 00:00:00+00:00,11888.0
2020-01-01 00:00:00+00:00,1649775.0
2020-01-01 00:00:00+00:00,3343.0
2020-01-01 00:00:00+00:00,1074332.0
2020-01-01 00:00:00+00:00,20119107.0
2020-01-01 00:00:00+00:00,420.0
2020-01-01 00:00:00+00:00,17870.0
2020-01-01 00:00:00+00:00,32920.0
2020-01-01 00:00:00+00:00,2267290.0
2020-01-01 00:00:00+00:00,951525.0
2020-01-01 00:00:00+00:00,398508.0
2020-01-01 00:00:00+00:00,8758207.0
2020-01-01 00:00:00+00:00,16178.0
2020-01-01 00:00:00+00:00,19138.0
2020-01-01 00:00:00+00:00,3447.0
2020-02-01 00:00:00+00:00,18600942.0
2020-02-01 00:00:00+00:00,1598618.0
2020-02-01 00:00:00+00:00,1092222.0
2020-02-01 00:00:00+00:00,8047643.0
2020-02-01 00:00:00+00:00,12494.0
2020-02-01 00:00:00+00:00,8960.0
2020-02-01 00:00:00+00:00,968118.0
2020-02-01 00:00:00+00:00,1046.0
2020-02-01 00:00:00+00:00,29367.0
2020-02-01 00:00:00+00:00,12194.0
2020-02-01 00:00:00+00:00,909662.0
2020-02-01 00:00:00+00:00,4590.0
2020-02-01 00:00:00+00:00,17004.0
2020-02-01 00:00:00+00:00,682.0
2020-02-01 00:00:00+00:00,15935.0
2020-02-01 00:00:00+00:00,3163.0
2020-02-01 00:00:00+00:00,350.0
2020-02-01 00:00:00+00:00,13399.0
2020-02-01 00:00:00+00:00,7318105.0
2020-02-01 00:00:00+00:00,3081.0
2020-02-01 00:00:00+00:00,2065285.0
2020-02-01 00:00:00+00:00,370312.0
2020-02-01 00:00:00+00:00,86206.0
2020-03-01 00:00:00+00:00,5794.0
2020-03-01 00:00:00+00:00,15674.0
2020-03-01 00:00:00+00:00,704.0
2020-03-01 00:00:00+00:00,19196.0
2020-03-01 00:00:00+00:00,8629701.0
2020-03-01 00:00:00+00:00,36830.0
2020-03-01 00:00:00+00:00,1252946.0
2020-03-01 00:00:00+00:00,2004271.0
2020-03-01 00:00:00+00:00,2356267.0
2020-03-01 00:00:00+00:00,504.0
2020-03-01 00:00:00+00:00,4050.0
2020-03-01 00:00:00+00:00,1430.0
2020-03-01 00:00:00+00:00,447836.0
2020-03-01 00:00:00+00:00,10707.0
2020-03-01 00:00:00+00:00,9300551.0
2020-03-01 00:00:00+00:00,22039603.0
2020-03-01 00:00:00+00:00,1108967.0
2020-03-01 00:00:00+00:00,1122904.0
2020-03-01 00:00:00+00:00,3677.0
2020-03-01 00:00:00+00:00,106307.0
2020-03-01 00:00:00+00:00,14288.0
2020-03-01 00:00:00+00:00,19970.0
2020-03-01 00:00:00+00:00,15819.0
2020-04-01 00:00:00+00:00,15362.0
2020-04-01 00:00:00+00:00,8001548.0
2020-04-01 00:00:00+00:00,447501.0
2020-04-01 00:00:00+00:00,3356.0
2020-04-01 00:00:00+00:00,270.0
2020-04-01 00:00:00+00:00,10675.0
2020-04-01 00:00:00+00:00,2299549.0
2020-04-01 00:00:00+00:00,1381.0
2020-04-01 00:00:00+00:00,4102.0
2020-04-01 00:00:00+00:00,30912.0
2020-04-01 00:00:00+00:00,20952603.0
2020-04-01 00:00:00+00:00,1192723.0
2020-04-01 00:00:00+00:00,112898.0
2020-04-01 00:00:00+00:00,17332.0
2020-04-01 00:00:00+00:00,9269171.0
2020-04-01 00:00:00+00:00,224.0
2020-04-01 00:00:00+00:00,12714.0
2020-04-01 00:00:00+00:00,1079589.0
2020-04-01 00:00:00+00:00,15458.0
2020-04-01 00:00:00+00:00,2076119.0
2020-04-01 00:00:00+00:00,5800.0
2020-04-01 00:00:00+00:00,17670.0
2020-04-01 00:00:00+00:00,1217058.0
2020-05-01 00:00:00+00:00,5980.0
2020-05-01 00:00:00+00:00,17617.0
2020-05-01 00:00:00+00:00,392.0
2020-05-01 00:00:00+00:00,7745795.0
2020-05-01 00:00:00+00:00,438071.0
2020-05-01 00:00:00+00:00,4046.0
2020-05-01 00:00:00+00:00,29296.0
2020-05-01 00:00:00+00:00,8686689.0
2020-05-01 00:00:00+00:00,14532.0
2020-05-01 00:00:00+00:00,20303583.0
2020-05-01 00:00:00+00:00,1189485.0
2020-05-01 00:00:00+00:00,2828.0
2020-05-01 00:00:00+00:00,9949.0
2020-05-01 00:00:00+00:00,13822.0
2020-05-01 00:00:00+00:00,112377.0
2020-05-01 00:00:00+00:00,13305.0
2020-05-01 00:00:00+00:00,2183970.0
2020-05-01 00:00:00+00:00,17152.0
2020-05-01 00:00:00+00:00,1114212.0
2020-05-01 00:00:00+00:00,2059714.0
2020-05-01 00:00:00+00:00,1003053.0
2020-05-01 00:00:00+00:00,1060.0
2020-05-01 00:00:00+00:00,380.0
